id,assists,bonus,bps,chance_of_playing_next_round,chance_of_playing_this_round,clean_sheets,code,cost_change_event,cost_change_event_fall,cost_change_start,cost_change_start_fall,creativity,dreamteam_count,ea_index,element_type,ep_next,ep_this,event_points,first_name,form,goals_conceded,goals_scored,ict_index,in_dreamteam,influence,loaned_in,loaned_out,loans_in,loans_out,minutes,news,news_added,now_cost,own_goals,penalties_missed,penalties_saved,photo,points_per_game,red_cards,saves,second_name,selected_by_percent,special,squad_number,status,team,team_code,threat,total_points,transfers_in,transfers_in_event,transfers_out,transfers_out_event,value_form,value_season,web_name,yellow_cards
1,0,7,627,,,11,11334,0,0,0,0,0.0,0,0,1,2.1,,0,Petr,0.0,48,0,71.9,False,722.4,0,0,0,0,3039,,,50,0,0,1,11334.jpg,3.6,0,90,Cech,1.1,False,1.0,a,1,3,0.0,124,0,0,0,0,0.0,0.0,Cech,1
2,0,0,0,,,0,80201,0,0,0,0,0.0,0,0,1,2.1,,0,Bernd,0.0,0,0,0.0,False,0.0,0,0,0,0,0,,,50,0,0,0,80201.jpg,0.0,0,0,Leno,3.8,False,19.0,a,1,3,0.0,0,0,0,0,0,0.0,0.0,Leno,0
3,0,16,556,0.0,,9,51507,0,0,0,0,123.8,0,0,2,0.0,,0,Laurent,0.0,32,2,95.5,False,692.0,0,0,0,0,2225,Achilles injury - Unknown return date,2018-07-05T14:31:07Z,55,0,0,0,51507.jpg,4.0,0,0,Koscielny,0.3,False,6.0,i,1,3,137.0,100,0,0,0,0,0.0,0.0,Koscielny,4
4,4,11,656,,,12,98745,0,0,0,0,561.0,0,0,2,2.1,,0,Héctor,0.0,44,2,160.1,False,554.0,0,0,0,0,3050,,,55,0,0,0,98745.jpg,3.8,0,0,Bellerín,12.3,False,2.0,a,1,3,484.0,132,0,0,0,0,0.0,0.0,Bellerín,5
5,2,15,604,,,10,38411,0,0,0,0,238.7,0,0,2,2.1,,0,Nacho,0.0,29,5,124.0,False,693.6,0,0,0,0,2241,,,55,0,0,0,38411.jpg,4.6,0,0,Monreal,4.2,False,18.0,a,1,3,305.0,130,0,0,0,0,0.0,0.0,Monreal,3
6,1,1,196,,,3,156074,0,0,0,0,39.3,0,0,2,1.2,,0,Rob,0.0,17,0,27.5,False,212.2,0,0,0,0,819,,,45,0,0,0,156074.jpg,2.3,0,0,Holding,0.7,False,16.0,a,1,3,24.0,27,0,0,0,0,0.0,0.0,Holding,3
7,1,13,610,,,10,69140,0,0,0,0,129.9,0,0,2,2.1,,0,Shkodran,0.0,30,3,117.0,False,836.6,0,0,0,0,2272,,,55,0,0,0,69140.jpg,4.0,0,0,Mustafi,0.9,False,20.0,a,1,3,202.0,109,0,0,0,0,0.0,0.0,Mustafi,6
8,4,6,510,,,10,111457,0,0,0,0,334.9,0,0,2,1.6,,0,Sead,0.0,30,2,118.3,False,443.2,0,0,0,0,2146,,,50,0,0,0,111457.jpg,4.0,0,0,Kolasinac,4.6,False,31.0,a,1,3,404.0,108,0,0,0,0,0.0,0.0,Kolasinac,3
9,0,0,171,,,2,101184,0,0,0,0,40.0,0,0,2,1.2,,0,Calum,0.0,14,0,40.2,False,227.8,0,0,0,0,864,,,45,0,0,0,101184.jpg,1.9,0,0,Chambers,0.6,False,21.0,a,1,3,134.0,23,0,0,0,0,0.0,0.0,Chambers,1
10,0,0,41,,,1,233963,0,0,0,0,1.3,0,0,2,1.6,,0,Konstantinos,0.0,5,0,5.5,False,52.2,0,0,0,0,194,,,50,0,0,0,233963.jpg,1.3,1,0,Mavropanos,0.3,False,27.0,a,1,3,2.0,4,0,0,0,0,0.0,0.0,Mavropanos,0
11,0,0,0,,,0,27335,0,0,0,0,0.0,0,0,2,1.6,,0,Stephan,0.0,0,0,0.0,False,0.0,0,0,0,0,0,,,50,0,0,0,27335.jpg,0.0,0,0,Lichtsteiner,2.4,False,12.0,a,1,3,0.0,0,0,0,0,0,0.0,0.0,Lichtsteiner,0
12,0,0,0,,,0,39476,0,0,0,0,0.0,0,0,2,2.1,,0,Sokratis,0.0,0,0,0.0,False,0.0,0,0,0,0,0,,,55,0,0,0,39476.jpg,0.0,0,0,Papastathopoulos,3.6,False,5.0,a,1,3,0.0,0,0,0,0,0,0.0,0.0,Sokratis,0
13,9,11,506,,,8,37605,0,0,0,0,1287.5,0,0,3,2.5,,0,Mesut,0.0,36,4,248.6,False,640.6,0,0,0,0,2161,,,85,0,0,0,37605.jpg,4.3,0,0,Özil,2.3,False,10.0,a,1,3,555.0,112,0,0,0,0,0.0,0.0,Özil,4
14,10,12,503,,,9,41792,0,0,0,0,478.3,0,0,3,2.1,,0,Aaron,0.0,25,7,184.2,False,631.2,0,0,0,0,1844,,,75,0,0,0,41792.jpg,5.4,0,0,Ramsey,5.1,False,8.0,a,1,3,734.0,130,0,0,0,0,0.0,0.0,Ramsey,0
15,5,2,426,,,9,153133,0,0,0,0,592.9,0,0,3,1.2,,0,Alex,0.0,26,3,165.6,False,430.0,0,0,0,0,1827,,,55,0,0,0,153133.jpg,3.4,0,0,Iwobi,0.8,False,17.0,a,1,3,635.0,89,0,0,0,0,0.0,0.0,Iwobi,1
16,1,0,156,,,3,153256,0,0,0,0,194.4,0,0,3,0.8,,0,Mohamed,0.0,12,0,42.5,False,138.2,0,0,0,0,865,,,45,0,0,0,153256.jpg,1.7,1,0,Elneny,3.6,False,4.0,a,1,3,92.0,22,0,0,0,0,0.0,0.0,Elneny,3
17,8,3,593,,,12,84450,0,0,0,0,822.8,0,0,3,1.2,,0,Granit,0.0,50,1,195.3,False,753.4,0,0,0,0,3259,,,55,0,0,0,84450.jpg,2.9,0,0,Xhaka,4.7,False,34.0,a,1,3,378.0,109,0,0,0,0,0.0,0.0,Xhaka,10
18,9,9,411,,,12,57249,0,0,0,0,727.8,0,0,3,1.9,,0,Henrikh,0.0,17,3,163.8,False,506.8,0,0,0,0,1712,,,70,0,0,0,57249.jpg,4.1,0,0,Mkhitaryan,21.8,False,7.0,a,1,3,400.0,107,0,0,0,0,0.0,0.0,Mkhitaryan,2
19,0,0,23,,,0,200641,0,0,0,0,29.7,0,0,3,0.8,,0,Reiss,0.0,3,0,5.3,False,12.0,0,0,0,0,144,,,45,0,0,0,200641.jpg,1.7,0,0,Nelson,1.1,False,61.0,a,1,3,11.0,5,0,0,0,0,0.0,0.0,Nelson,0
20,0,0,160,,,3,154043,0,0,0,0,141.3,0,0,3,0.8,,0,Ainsley,0.0,16,0,37.8,False,168.4,0,0,0,0,908,,,45,0,0,0,154043.jpg,1.7,0,0,Maitland-Niles,0.7,False,15.0,a,1,3,67.0,25,0,0,0,0,0.0,0.0,Maitland-Niles,1
21,2,6,249,,,4,50175,0,0,0,0,212.8,0,0,4,1.5,,0,Danny,0.0,21,5,96.0,False,309.8,0,0,0,0,1178,,,65,0,0,0,50175.jpg,2.5,0,0,Welbeck,0.8,False,23.0,a,1,3,435.0,70,0,0,0,0,0.0,0.0,Welbeck,1
22,5,11,543,,,10,59966,0,0,0,0,566.0,0,0,4,3.1,,0,Alexandre,0.0,28,14,258.0,False,725.6,0,0,0,0,2197,,,95,0,0,0,59966.jpg,4.3,0,0,Lacazette,2.6,False,9.0,a,1,3,1291.0,138,0,0,0,0,0.0,0.0,Lacazette,1
23,4,12,354,,,4,54694,0,0,0,0,207.1,0,0,4,3.9,,0,Pierre-Emerick,0.0,15,10,127.1,False,484.0,0,0,0,0,1056,,,110,0,1,0,54694.jpg,6.7,0,0,Aubameyang,23.7,False,14.0,a,1,3,580.0,87,0,0,0,0,0.0,0.0,Aubameyang,0
450,0,0,0,,,0,198849,0,0,0,0,0.0,0,0,3,1.0,,0,Lucas,0.0,0,0,0.0,False,0.0,0,0,0,0,0,,,50,0,0,0,198849.jpg,0.0,0,0,Torreira,1.7,False,11.0,a,1,3,0.0,0,0,0,0,0,0.0,0.0,Torreira,0
451,0,0,0,,,0,242166,0,0,0,0,0.0,0,0,3,0.8,,0,Matteo,0.0,0,0,0.0,False,0.0,0,0,0,0,0,,,45,0,0,0,242166.jpg,0.0,0,0,Guendouzi,0.4,False,29.0,a,1,3,0.0,0,0,0,0,0,0.0,0.0,Guendouzi,0
24,0,6,631,,,6,40349,0,0,0,0,20.0,0,0,1,2.5,,0,Asmir,0.0,61,0,80.8,False,790.8,0,0,0,0,3420,,,45,0,0,1,40349.jpg,2.9,0,111,Begovic,5.0,False,27.0,a,2,91,0.0,112,0,0,0,0,0.0,0.0,Begovic,2
25,0,0,0,,,0,18726,0,0,0,0,0.0,0,0,1,1.7,,0,Artur,0.0,0,0,0.0,False,0.0,0,0,0,0,0,,,40,0,0,0,18726.jpg,0.0,0,0,Boruc,6.5,False,1.0,a,2,91,0.0,0,0,0,0,0,0.0,0.0,Boruc,0
26,1,3,491,,,4,15149,0,0,0,0,418.4,0,0,2,2.2,,0,Simon,0.0,47,0,131.0,False,726.8,0,0,0,0,2708,,,45,0,0,0,15149.jpg,1.8,1,0,Francis,0.5,False,2.0,a,2,91,163.0,56,0,0,0,0,0.0,0.0,Francis,8
27,1,9,495,,,5,56917,0,0,0,0,65.6,0,0,2,2.2,,0,Steve,0.0,53,2,120.6,False,870.0,0,0,0,0,2764,,,45,1,0,0,56917.jpg,2.4,0,0,Cook,0.9,False,3.0,a,2,91,271.0,83,0,0,0,0,0.0,0.0,Steve Cook,5
28,3,4,587,,,6,41320,0,0,0,0,479.7,0,0,2,2.2,,0,Charlie,0.0,50,1,125.9,False,582.2,0,0,0,0,3001,,,45,0,0,0,41320.jpg,2.7,0,0,Daniels,17.3,False,11.0,a,2,91,196.0,94,0,0,0,0,0.0,0.0,Daniels,0
29,3,3,376,,,2,54469,0,0,0,0,345.5,0,0,2,2.2,,0,Adam,0.0,38,1,94.5,False,455.0,0,0,0,0,2067,,,45,0,0,0,54469.jpg,2.1,0,0,Smith,0.3,False,15.0,a,2,91,144.0,56,0,0,0,0,0.0,0.0,Adam Smith,6
30,0,0,40,,,0,149484,0,0,0,0,14.8,0,0,2,2.2,,0,Tyrone,0.0,5,0,7.2,False,46.6,0,0,0,0,201,,,45,0,0,0,149484.jpg,0.8,0,0,Mings,0.2,False,26.0,a,2,91,10.0,3,0,0,0,0,0.0,0.0,Mings,1
31,3,8,642,,,6,126184,0,0,0,0,115.1,0,0,2,2.6,,0,Nathan,0.0,59,2,133.5,False,932.4,0,0,0,0,3352,,,50,0,0,0,126184.jpg,2.7,0,0,Aké,5.6,False,5.0,a,2,91,287.0,102,0,0,0,0,0.0,0.0,Aké,5
32,0,0,10,,,0,222434,0,0,0,0,0.0,0,0,2,1.7,,0,Jack,0.0,2,0,0.6,False,6.2,0,0,0,0,71,,,40,0,0,0,222434.jpg,1.0,0,0,Simpson,5.2,False,42.0,a,2,91,0.0,1,0,0,0,0,0.0,0.0,Simpson,0
33,0,0,156,,,3,48615,0,0,0,0,76.1,0,0,3,2.0,,0,Harry,0.0,13,1,29.2,False,146.0,0,0,0,0,959,,,50,0,0,0,48615.jpg,2.1,0,0,Arter,0.5,False,8.0,a,2,91,69.0,27,0,0,0,0,0.0,0.0,Arter,4
34,0,0,97,,,5,20037,0,0,0,0,195.5,0,0,3,1.8,,0,Marc,0.0,17,0,51.6,False,99.2,0,0,0,0,974,,,45,0,0,0,20037.jpg,1.6,0,0,Pugh,1.1,False,7.0,a,2,91,224.0,32,0,0,0,0,0.0,0.0,Pugh,2
35,5,9,363,,,5,15237,0,0,0,0,261.1,0,0,3,2.0,,0,Andrew,0.0,29,2,84.0,False,458.0,0,0,0,0,1851,,,50,0,0,0,15237.jpg,3.3,0,0,Surman,0.6,False,6.0,a,2,91,121.0,82,0,0,0,0,0.0,0.0,Surman,2
36,3,7,285,0.0,,2,56872,0,0,0,0,377.2,0,0,3,0.0,,0,Junior,0.0,22,5,125.1,False,394.8,0,0,0,0,1285,Knee injury - Unknown return date,2018-07-05T14:31:07Z,60,0,0,0,56872.jpg,3.9,0,0,Stanislas,0.2,False,19.0,i,2,91,483.0,75,0,0,0,0,0.0,0.0,Stanislas,1
37,1,4,254,,,1,40387,0,0,0,0,262.2,0,0,3,2.0,,0,Dan,0.0,41,2,93.3,False,396.4,0,0,0,0,1941,,,50,0,0,0,40387.jpg,2.1,0,0,Gosling,0.1,False,4.0,a,2,91,274.0,59,0,0,0,0,0.0,0.0,Gosling,8
38,6,5,289,,,4,103912,0,0,0,0,602.7,0,0,3,2.2,,0,Jordon,0.0,33,2,157.3,False,362.0,0,0,0,0,1988,,,55,0,0,0,103912.jpg,2.7,0,0,Ibe,0.7,False,33.0,a,2,91,610.0,85,0,0,0,0,0.0,0.0,Ibe,1
39,2,0,337,,,3,155408,0,0,0,0,423.3,0,0,3,2.0,,0,Lewis,0.0,42,0,100.7,False,456.4,0,0,0,0,2234,,,50,0,0,0,155408.jpg,2.0,0,0,Cook,0.3,False,16.0,a,2,91,126.0,58,0,0,0,0,0.0,0.0,Lewis Cook,5
40,3,13,390,,,2,90105,0,0,0,0,646.6,0,0,3,2.2,,0,Ryan,0.0,38,5,155.0,False,492.8,0,0,0,0,2003,,,55,0,0,0,90105.jpg,3.7,0,0,Fraser,0.9,False,24.0,a,2,91,413.0,97,0,0,0,0,0.0,0.0,Fraser,0
41,0,0,6,,,0,122342,0,0,0,0,12.5,0,0,3,1.8,,0,Emerson,0.0,1,0,1.8,False,5.0,0,0,0,0,58,,,45,0,0,0,122342.jpg,1.0,0,0,Hyndman,0.2,False,22.0,a,2,91,0.0,1,0,0,0,0,0.0,0.0,Hyndman,0
42,0,0,0,,,0,111317,0,0,0,0,0.0,0,0,3,2.0,,0,David,0.0,0,0,0.0,False,0.0,0,0,0,0,0,,,50,0,0,0,111317.jpg,0.0,0,0,Brooks,0.2,False,,a,2,91,0.0,0,0,0,0,0,0.0,0.0,Brooks,0
43,2,13,282,,,6,75115,0,0,0,0,288.4,0,0,4,2.3,,0,Callum,0.0,33,8,147.5,False,392.2,0,0,0,0,1981,,,60,0,0,0,75115.jpg,3.6,0,0,Wilson,4.2,False,13.0,a,2,91,799.0,102,0,0,0,0,0.0,0.0,Wilson,0
44,0,3,106,,,1,178304,0,0,0,0,69.5,0,0,4,1.8,,0,Lys,0.0,16,2,43.9,False,120.4,0,0,0,0,581,,,50,0,0,0,178304.jpg,1.6,0,0,Mousset,0.3,False,31.0,a,2,91,252.0,36,0,0,0,0,0.0,0.0,Mousset,1
45,4,10,381,,,7,78007,0,0,0,0,556.7,0,0,4,2.5,,0,Joshua,0.0,38,8,203.7,False,577.0,0,0,0,0,2450,,,65,0,0,0,78007.jpg,3.3,0,0,King,3.7,False,17.0,a,2,91,902.0,110,0,0,0,0,0.0,0.0,King,3
46,2,5,191,,,2,7958,0,0,0,0,144.9,0,0,4,2.3,,0,Jermain,0.0,21,4,88.9,False,209.4,0,0,0,0,1075,,,60,0,0,0,7958.jpg,2.5,0,0,Defoe,0.7,False,18.0,a,2,91,539.0,60,0,0,0,0,0.0,0.0,Defoe,1
47,0,13,726,,,10,131897,0,0,0,0,0.0,0,0,1,2.0,,0,Mathew,0.0,54,0,91.1,False,911.6,0,0,0,0,3420,,,45,0,0,2,131897.jpg,3.8,0,124,Ryan,6.7,False,1.0,a,3,36,0.0,146,0,0,0,0,0.0,0.0,Ryan,0
48,1,7,637,,,10,83299,0,0,0,0,147.8,0,0,2,1.7,,0,Lewis,0.0,54,1,157.9,False,1002.8,0,0,0,0,3420,,,45,4,0,0,83299.jpg,2.6,0,0,Dunk,3.9,False,5.0,a,3,36,425.0,97,0,0,0,0,0.0,0.0,Dunk,7
49,2,7,614,75.0,,10,61933,0,0,0,0,98.9,0,0,2,1.2,,0,Shane,0.0,52,0,148.9,False,1027.6,0,0,0,0,3292,Groin Injury - 75% chance of playing,2018-07-05T14:31:07Z,45,0,0,0,61933.jpg,2.7,0,0,Duffy,0.7,False,22.0,d,3,36,361.0,100,0,0,0,0,0.0,0.0,Duffy,8
50,0,8,423,,,10,11352,0,0,0,0,174.1,0,0,2,1.7,,0,Bruno,0.0,23,0,57.2,False,360.4,0,0,0,0,2014,,,45,0,0,0,11352.jpg,3.4,0,0,Saltor Grau,0.3,False,2.0,a,3,36,35.0,84,0,0,0,0,0.0,0.0,Bruno,3
51,0,5,369,,,6,42748,0,0,0,0,154.6,0,0,2,1.7,,0,Gaëtan,0.0,36,0,52.1,False,346.2,0,0,0,0,2237,,,45,1,0,0,42748.jpg,2.5,0,0,Bong,0.2,False,3.0,a,3,36,18.0,63,0,0,0,0,0.0,0.0,Bong,2
52,0,3,204,,,4,43808,0,0,0,0,105.6,0,0,2,1.2,,0,Markus,0.0,18,0,30.8,False,187.4,0,0,0,0,1178,,,40,0,0,0,43808.jpg,2.7,0,0,Suttner,5.4,False,29.0,a,3,36,17.0,38,0,0,0,0,0.0,0.0,Suttner,0
53,0,0,183,,,0,74375,0,0,0,0,99.2,0,0,2,1.2,,0,Ezequiel,0.0,30,0,38.2,False,210.0,0,0,0,0,1313,,,40,0,0,0,74375.jpg,1.0,0,0,Schelotto,2.9,False,21.0,a,3,36,73.0,20,0,0,0,0,0.0,0.0,Schelotto,3
54,0,0,0,,,0,52484,0,0,0,0,0.0,0,0,2,1.7,,0,Leon,0.0,0,0,0.0,False,0.0,0,0,0,0,0,,,45,0,0,0,52484.jpg,0.0,0,0,Balogun,0.3,False,,a,3,36,0.0,0,0,0,0,0,0.0,0.0,Balogun,0
55,1,6,383,,,11,83543,0,0,0,0,557.2,0,0,3,1.7,,0,Anthony,0.0,29,3,149.1,False,404.0,0,0,0,0,2415,,,55,0,0,0,83543.jpg,2.7,1,0,Knockaert,0.6,False,11.0,a,3,36,530.0,88,0,0,0,0,0.0,0.0,Knockaert,4
56,3,2,550,,,10,40845,0,0,0,0,272.5,0,0,3,1.3,,0,Dale,0.0,50,0,107.7,False,625.8,0,0,0,0,3240,,,45,0,0,0,40845.jpg,2.4,0,0,Stephens,11.5,False,6.0,a,3,36,176.0,87,0,0,0,0,0.0,0.0,Stephens,6
57,0,0,115,,,1,38490,0,0,0,0,137.0,0,0,3,1.3,,0,Beram,0.0,14,0,29.6,False,111.2,0,0,0,0,735,,,45,0,0,0,38490.jpg,1.3,0,0,Kayal,0.2,False,7.0,a,3,36,48.0,25,0,0,0,0,0.0,0.0,Kayal,2
58,3,3,303,,,6,109345,0,0,0,0,320.9,0,0,3,1.5,,0,Solomon,0.0,29,1,99.8,False,357.4,0,0,0,0,1838,,,50,0,0,0,109345.jpg,2.1,0,0,March,0.2,False,20.0,a,3,36,316.0,74,0,0,0,0,0.0,0.0,March,3
59,8,24,635,,,10,60307,0,0,0,0,1311.0,0,0,3,2.4,,0,Pascal,0.0,46,7,257.6,False,735.4,0,0,0,0,2928,,,70,0,0,0,60307.jpg,4.3,0,0,Groß,13.8,False,13.0,a,3,36,527.0,164,0,0,0,0,0.0,0.0,Groß,2
60,4,1,446,,,9,66242,0,0,0,0,297.1,0,0,3,1.5,,0,Davy,0.0,50,0,108.9,False,535.8,0,0,0,0,3118,,,50,0,0,0,66242.jpg,2.5,1,0,Pröpper,0.2,False,24.0,a,3,36,255.0,87,0,0,0,0,0.0,0.0,Pröpper,2
61,5,4,324,,,5,167473,0,0,0,0,311.3,0,0,3,2.0,,0,José Heriberto,0.0,32,5,131.3,False,385.4,0,0,0,0,1976,,,60,0,0,0,167473.jpg,3.2,0,0,Izquierdo Mena,0.8,False,19.0,a,3,36,618.0,101,0,0,0,0,0.0,0.0,Izquierdo,2
62,0,16,319,,,8,20529,0,0,0,0,271.8,0,0,4,2.0,,0,Glenn,0.0,36,12,153.1,False,492.4,0,0,0,0,2184,,,65,0,2,0,20529.jpg,3.2,0,0,Murray,1.7,False,17.0,a,3,36,779.0,111,0,0,0,0,0.0,0.0,Murray,9
63,2,5,110,,,3,38499,0,0,0,0,66.1,0,0,4,1.3,,0,Tomer,0.0,8,2,44.2,False,152.0,0,0,0,0,842,,,50,0,0,0,38499.jpg,2.7,0,0,Hemed,0.3,False,10.0,a,3,36,227.0,43,0,0,0,0,0.0,0.0,Hemed,0
64,0,0,4,,,0,28462,0,0,0,0,0.8,0,0,4,1.1,,0,Sam,0.0,1,0,0.7,False,0.4,0,0,0,0,30,,,45,0,0,0,28462.jpg,1.0,0,0,Baldock,2.2,False,9.0,a,3,36,6.0,2,0,0,0,0,0.0,0.0,Baldock,0
65,1,2,47,,,1,106757,0,0,0,0,24.6,0,0,4,1.6,,0,Jürgen,0.0,8,1,15.8,False,50.4,0,0,0,0,221,,,55,0,0,0,106757.jpg,2.7,0,0,Locadia,0.4,False,25.0,a,3,36,89.0,16,0,0,0,0,0.0,0.0,Locadia,0
66,0,0,0,,,0,93284,0,0,0,0,0.0,0,0,4,1.3,,0,Florin,0.0,0,0,0.0,False,0.0,0,0,0,0,0,,,50,0,0,0,93284.jpg,0.0,0,0,Andone,0.4,False,,a,3,36,0.0,0,0,0,0,0,0.0,0.0,Andone,0
179,0,0,0,,,0,50093,0,0,0,0,0.0,0,0,1,1.2,,0,David,0.0,0,0,0.0,False,0.0,0,0,0,0,0,,,40,0,0,0,50093.jpg,0.0,0,0,Button,3.0,False,,a,3,36,0.0,0,0,0,0,0,0.0,0.0,Button,0
439,0,0,0,,,0,49262,0,0,0,0,0.0,0,0,1,1.2,,0,Jason,0.0,0,0,0.0,False,0.0,0,0,0,0,0,,,40,0,0,0,49262.jpg,0.0,0,0,Steele,1.1,False,,a,3,36,0.0,0,0,0,0,0,0.0,0.0,Steele,0
440,0,0,0,,,0,209362,0,0,0,0,0.0,0,0,2,1.7,,0,Bernardo,0.0,0,0,0.0,False,0.0,0,0,0,0,0,,,45,0,0,0,209362.jpg,0.0,0,0,Fernandes da Silva Junior,0.2,False,,a,3,36,0.0,0,0,0,0,0,0.0,0.0,Bernardo,0
67,0,0,48,,,0,21205,0,0,0,0,0.0,0,0,1,3.1,,0,Tom,0.0,4,0,5.3,False,53.4,0,0,0,0,305,,,50,0,0,0,21205.jpg,2.0,0,8,Heaton,0.5,False,1.0,a,4,90,0.0,8,0,0,0,0,0.0,0.0,Heaton,0
68,0,19,701,,,11,98747,0,0,0,0,40.0,0,0,1,3.1,,0,Nick,0.0,35,0,90.1,False,862.4,0,0,0,0,3114,,,50,0,0,1,98747.jpg,4.3,0,113,Pope,8.7,False,29.0,a,4,90,0.0,152,0,0,0,0,0.0,0.0,Pope,3
69,3,4,450,,,8,68983,0,0,0,0,264.9,0,0,2,2.6,,0,Matthew,0.0,26,0,89.0,False,574.6,0,0,0,0,2295,,,50,0,0,0,68983.jpg,3.4,0,0,Lowton,0.9,False,2.0,a,4,90,46.0,89,0,0,0,0,0.0,0.0,Lowton,1
70,0,6,491,,,9,51927,0,0,0,0,74.5,0,0,2,2.6,,0,Ben,0.0,27,0,117.3,False,748.6,0,0,0,0,2610,,,50,0,0,0,51927.jpg,3.1,0,0,Mee,5.0,False,6.0,a,4,90,349.0,90,0,0,0,0,0.0,0.0,Mee,5
71,1,9,484,,,9,40616,0,0,0,0,270.9,0,0,2,2.6,,0,Stephen,0.0,27,1,85.4,False,498.4,0,0,0,0,2460,,,50,0,0,0,40616.jpg,3.6,0,0,Ward,9.2,False,23.0,a,4,90,82.0,102,0,0,0,0,0.0,0.0,Ward,1
72,1,4,539,,,11,17761,0,0,0,0,98.4,0,0,2,2.6,,0,James,0.0,30,0,117.8,False,822.0,0,0,0,0,2790,,,50,0,0,0,17761.jpg,3.3,0,0,Tarkowski,7.9,False,5.0,a,4,90,253.0,101,0,0,0,0,0.0,0.0,Tarkowski,5
73,2,6,282,,,4,41674,0,0,0,0,64.8,0,0,2,2.2,,0,Kevin,0.0,21,1,74.5,False,460.0,0,0,0,0,1440,,,45,1,0,0,41674.jpg,3.6,0,0,Long,1.2,False,28.0,a,4,90,220.0,57,0,0,0,0,0.0,0.0,Long,1
74,0,0,132,,,2,103914,0,0,0,0,86.8,0,0,2,2.2,,0,Charlie,0.0,12,0,27.5,False,184.2,0,0,0,0,949,,,45,0,0,0,103914.jpg,2.1,0,0,Taylor,0.2,False,3.0,a,4,90,4.0,23,0,0,0,0,0.0,0.0,Taylor,3
75,0,0,193,,,4,17997,0,0,0,0,117.5,0,0,2,2.2,,0,Phil,0.0,13,0,38.3,False,229.4,0,0,0,0,1125,,,45,0,0,0,17997.jpg,2.5,0,0,Bardsley,0.2,False,26.0,a,4,90,35.0,33,0,0,0,0,0.0,0.0,Bardsley,5
76,9,7,467,,,10,60586,0,0,0,0,1052.0,0,0,3,2.5,,0,Johann Berg,0.0,33,2,219.2,False,599.0,0,0,0,0,2831,,,60,0,0,0,60586.jpg,3.3,0,0,Gudmundsson,2.4,False,17.0,a,4,90,539.0,117,0,0,0,0,0.0,0.0,Gudmundsson,2
77,1,0,353,75.0,,12,39847,0,0,0,0,310.8,0,0,3,1.7,,0,Steven,0.0,17,1,78.4,False,353.8,0,0,0,0,1998,Knee injury - 75% chance of playing,2018-07-05T14:31:07Z,55,0,0,0,39847.jpg,2.6,0,0,Defour,0.0,False,16.0,d,4,90,117.0,62,0,0,0,0,0.0,0.0,Defour,6
78,2,1,307,,,9,83314,0,0,0,0,408.2,0,0,3,2.2,,0,Jeff,0.0,28,2,100.9,False,265.6,0,0,0,0,2326,,,55,0,0,0,83314.jpg,2.5,0,0,Hendrick,0.2,False,13.0,a,4,90,335.0,85,0,0,0,0,0.0,0.0,Hendrick,1
79,4,7,216,75.0,,6,90517,0,0,0,0,477.9,0,0,3,1.7,,0,Robbie,0.0,12,1,97.3,False,273.8,0,0,0,0,1277,Knee injury - 75% chance of playing,2018-07-05T14:31:07Z,55,0,0,0,90517.jpg,3.7,0,0,Brady,0.0,False,12.0,d,4,90,221.0,56,0,0,0,0,0.0,0.0,Brady,3
80,1,1,189,,,2,60551,0,0,0,0,134.8,0,0,3,1.8,,0,Ashley,0.0,17,0,40.7,False,182.4,0,0,0,0,1105,,,45,0,0,0,60551.jpg,1.8,0,0,Westwood,0.3,False,18.0,a,4,90,90.0,35,0,0,0,0,0.0,0.0,Westwood,2
81,0,0,3,,,0,12813,0,0,0,0,0.7,0,0,3,2.0,,0,Jonathan,0.0,2,0,1.1,False,1.2,0,0,0,0,36,,,50,0,0,0,12813.jpg,1.0,0,0,Walters,0.1,False,19.0,a,4,90,12.0,3,0,0,0,0,0.0,0.0,Walters,0
82,1,6,533,,,12,40145,0,0,0,0,332.8,0,0,3,2.0,,0,Jack,0.0,39,2,119.0,False,589.6,0,0,0,0,3420,,,50,0,0,0,40145.jpg,2.6,0,0,Cork,1.2,False,4.0,a,4,90,265.0,100,0,0,0,0,0.0,0.0,Cork,7
83,4,0,204,,,6,17349,0,0,0,0,203.2,0,0,3,2.0,,0,Aaron,0.0,30,0,73.3,False,232.2,0,0,0,0,1906,,,50,0,0,0,17349.jpg,2.2,0,0,Lennon,0.4,False,25.0,a,4,90,297.0,65,0,0,0,0,0.0,0.0,Lennon,2
84,2,7,170,,,2,40399,0,0,0,0,128.0,0,0,4,2.1,,0,Sam,0.0,16,4,71.1,False,208.4,0,0,0,0,977,,,55,0,0,0,40399.jpg,2.1,0,0,Vokes,1.1,False,9.0,a,4,90,384.0,63,0,0,0,0,0.0,0.0,Vokes,3
85,0,9,290,,,5,44699,0,0,0,0,274.8,0,0,4,2.3,,0,Ashley,0.0,23,9,145.8,False,407.2,0,0,0,0,2150,,,60,0,0,0,44699.jpg,2.6,0,0,Barnes,1.6,False,10.0,a,4,90,797.0,92,0,0,0,0,0.0,0.0,Barnes,10
86,0,0,20,,,0,92383,0,0,0,0,3.5,0,0,4,1.6,,0,Nahki,0.0,3,0,4.7,False,7.2,0,0,0,0,46,,,45,0,0,0,92383.jpg,1.0,0,0,Wells,2.2,False,21.0,a,4,90,37.0,9,0,0,0,0,0.0,0.0,Wells,0
87,1,20,314,,,10,60689,0,0,0,0,203.5,0,0,4,2.5,,0,Chris,0.0,11,10,133.8,False,442.0,0,0,0,0,1621,,,65,0,0,0,60689.jpg,4.3,0,0,Wood,2.8,False,11.0,a,4,90,692.0,104,0,0,0,0,0.0,0.0,Wood,1
88,0,0,0,,,0,88734,0,0,0,0,0.0,0,0,1,1.5,,0,Neil,0.0,0,0,0.0,False,0.0,0,0,0,0,0,,,45,0,0,0,88734.jpg,0.0,0,0,Etheridge,0.5,False,25.0,a,5,97,0.0,0,0,0,0,0,0.0,0.0,Etheridge,0
89,0,0,0,,,0,45220,0,0,0,0,0.0,0,0,1,1.5,,0,Alex,0.0,0,0,0.0,False,0.0,0,0,0,0,0,,,45,0,0,0,45220.jpg,0.0,0,0,Smithies,0.5,False,,a,5,97,0.0,0,0,0,0,0,0.0,0.0,Smithies,0
90,0,0,0,,,0,49982,0,0,0,0,0.0,0,0,2,1.6,,0,Sean,0.0,0,0,0.0,False,0.0,0,0,0,0,0,,,50,0,0,0,49982.jpg,0.0,0,0,Morrison,1.3,False,4.0,a,5,97,0.0,0,0,0,0,0,0.0,0.0,Morrison,0
91,0,0,0,,,0,19523,0,0,0,0,0.0,0,0,2,1.2,,0,Sol,0.0,0,0,0.0,False,0.0,0,0,0,0,0,,,45,0,0,0,19523.jpg,0.0,0,0,Bamba,1.2,False,14.0,a,5,97,0.0,0,0,0,0,0,0.0,0.0,Bamba,0
92,0,0,0,,,0,49382,0,0,0,0,0.0,0,0,2,1.2,,0,Bruno,0.0,0,0,0.0,False,0.0,0,0,0,0,0,,,45,0,0,0,49382.jpg,0.0,0,0,Ecuele Manga,0.2,False,5.0,a,5,97,0.0,0,0,0,0,0,0.0,0.0,Ecuele Manga,0
93,0,0,0,,,0,27698,0,0,0,0,0.0,0,0,2,0.7,,0,Matthew,0.0,0,0,0.0,False,0.0,0,0,0,0,0,,,40,0,0,0,27698.jpg,0.0,0,0,Connolly,1.9,False,16.0,a,5,97,0.0,0,0,0,0,0,0.0,0.0,Connolly,0
94,0,0,0,,,0,56981,0,0,0,0,0.0,0,0,2,1.2,,0,Joe,0.0,0,0,0.0,False,0.0,0,0,0,0,0,,,45,0,0,0,56981.jpg,0.0,0,0,Bennett,0.4,False,3.0,a,5,97,0.0,0,0,0,0,0,0.0,0.0,Bennett,0
95,0,0,0,,,0,38716,0,0,0,0,0.0,0,0,2,0.7,,0,Lee,0.0,0,0,0.0,False,0.0,0,0,0,0,0,,,40,0,0,0,38716.jpg,0.0,0,0,Peltier,2.2,False,2.0,a,5,97,0.0,0,0,0,0,0,0.0,0.0,Peltier,0
96,0,0,0,,,0,73459,0,0,0,0,0.0,0,0,2,0.7,,0,Ashley Darel Jazz,0.0,0,0,0.0,False,0.0,0,0,0,0,0,,,40,0,0,0,73459.jpg,0.0,0,0,Richards,0.8,False,6.0,a,5,97,0.0,0,0,0,0,0,0.0,0.0,Jazz Richards,0
97,0,0,0,0.0,,0,14927,0,0,0,0,0.0,0,0,2,0.0,,0,Greg,0.0,0,0,0.0,False,0.0,0,0,0,0,0,Contract expired,2018-07-09T09:22:51Z,40,0,0,0,14927.jpg,0.0,0,0,Halford,0.1,False,,u,5,97,0.0,0,0,0,0,0,0.0,0.0,Halford,0
98,0,0,0,,,0,104073,0,0,0,0,0.0,0,0,3,1.0,,0,Joe,0.0,0,0,0.0,False,0.0,0,0,0,0,0,,,50,0,0,0,104073.jpg,0.0,0,0,Ralls,0.4,False,8.0,a,5,97,0.0,0,0,0,0,0,0.0,0.0,Ralls,0
99,0,0,0,,,0,49806,0,0,0,0,0.0,0,0,3,1.2,,0,David Junior,0.0,0,0,0.0,False,0.0,0,0,0,0,0,,,55,0,0,0,49806.jpg,0.0,0,0,Hoilett,0.8,False,33.0,a,5,97,0.0,0,0,0,0,0,0.0,0.0,Hoilett,0
100,0,0,0,,,0,76360,0,0,0,0,0.0,0,0,3,1.0,,0,Nathaniel,0.0,0,0,0.0,False,0.0,0,0,0,0,0,,,50,0,0,0,76360.jpg,0.0,0,0,Mendez-Laing,0.2,False,19.0,a,5,97,0.0,0,0,0,0,0,0.0,0.0,Mendez-Laing,0
101,0,0,0,,,0,122797,0,0,0,0,0.0,0,0,3,1.2,,0,Callum,0.0,0,0,0.0,False,0.0,0,0,0,0,0,,,55,0,0,0,122797.jpg,0.0,0,0,Paterson,0.3,False,18.0,a,5,97,0.0,0,0,0,0,0,0.0,0.0,Paterson,0
102,0,0,0,,,0,49845,0,0,0,0,0.0,0,0,3,0.8,,0,Aron,0.0,0,0,0.0,False,0.0,0,0,0,0,0,,,45,0,0,0,49845.jpg,0.0,0,0,Gunnarsson,2.1,False,17.0,a,5,97,0.0,0,0,0,0,0,0.0,0.0,Gunnarsson,0
103,0,0,0,,,0,40451,0,0,0,0,0.0,0,0,3,0.8,,0,Anthony,0.0,0,0,0.0,False,0.0,0,0,0,0,0,,,45,0,0,0,40451.jpg,0.0,0,0,Pilkington,0.4,False,13.0,a,5,97,0.0,0,0,0,0,0,0.0,0.0,Pilkington,0
104,0,0,0,,,0,54527,0,0,0,0,0.0,0,0,3,0.8,,0,Loïc,0.0,0,0,0.0,False,0.0,0,0,0,0,0,,,45,0,0,0,54527.jpg,0.0,0,0,Damour,0.1,False,20.0,a,5,97,0.0,0,0,0,0,0,0.0,0.0,Damour,0
105,0,0,0,,,0,75826,0,0,0,0,0.0,0,0,3,0.8,,0,Danny,0.0,0,0,0.0,False,0.0,0,0,0,0,0,,,45,0,0,0,75826.jpg,0.0,0,0,Ward,0.3,False,9.0,a,5,97,0.0,0,0,0,0,0,0.0,0.0,Ward,0
106,0,0,0,,,0,114245,0,0,0,0,0.0,0,0,3,1.0,,0,Josh,0.0,0,0,0.0,False,0.0,0,0,0,0,0,,,50,0,0,0,114245.jpg,0.0,0,0,Murphy,0.2,False,,a,5,97,0.0,0,0,0,0,0,0.0,0.0,Murphy,0
107,0,0,0,,,0,82078,0,0,0,0,0.0,0,0,4,0.8,,0,Kenneth,0.0,0,0,0.0,False,0.0,0,0,0,0,0,,,50,0,0,0,82078.jpg,0.0,0,0,Zohore,1.2,False,10.0,a,5,97,0.0,0,0,0,0,0,0.0,0.0,Zohore,0
108,0,0,0,,,0,114054,0,0,0,0,0.0,0,0,4,0.6,,0,Omar,0.0,0,0,0.0,False,0.0,0,0,0,0,0,,,45,0,0,0,114054.jpg,0.0,0,0,Bogle,1.0,False,30.0,a,5,97,0.0,0,0,0,0,0,0.0,0.0,Bogle,0
109,0,0,0,,,0,45196,0,0,0,0,0.0,0,0,4,0.6,,0,Gary,0.0,0,0,0.0,False,0.0,0,0,0,0,0,,,45,0,0,0,45196.jpg,0.0,0,0,Madine,0.8,False,44.0,a,5,97,0.0,0,0,0,0,0,0.0,0.0,Madine,0
110,0,0,0,,,0,96994,0,0,0,0,0.0,0,0,4,1.1,,0,Bobby,0.0,0,0,0.0,False,0.0,0,0,0,0,0,,,55,0,0,0,96994.jpg,0.0,0,0,Reid,1.6,False,,a,5,97,0.0,0,0,0,0,0,0.0,0.0,Reid,0
111,0,4,635,,,15,60772,0,0,0,0,0.0,0,0,1,4.3,,0,Thibaut,0.0,34,0,55.2,False,549.0,0,0,0,0,3150,,,55,0,0,0,60772.jpg,3.9,0,77,Courtois,8.7,False,13.0,a,6,8,0.0,136,0,0,0,0,0.0,0.0,Courtois,2
112,0,0,54,,,1,20310,0,0,0,0,0.0,0,0,1,3.6,,0,Willy,0.0,4,0,5.5,False,55.2,0,0,0,0,270,,,50,0,0,0,20310.jpg,3.7,0,7,Caballero,0.1,False,1.0,a,6,8,0.0,11,0,0,0,0,0.0,0.0,Caballero,0
113,6,25,913,,,15,41328,0,0,0,0,535.7,0,0,2,4.5,,0,César,0.0,38,2,167.5,False,967.4,0,0,0,0,3330,,,65,1,0,0,41328.jpg,4.7,0,0,Azpilicueta,15.7,False,28.0,a,6,8,168.0,175,0,0,0,0,0.0,0.0,Azpilicueta,1
114,0,2,447,,,9,19419,0,0,0,0,55.6,0,0,2,3.6,,0,Gary,0.0,27,0,65.4,False,496.6,0,0,0,0,2082,,,55,0,0,0,19419.jpg,2.7,1,0,Cahill,1.1,False,24.0,a,6,8,99.0,74,0,0,0,0,0.0,0.0,Cahill,1
115,2,15,650,,,13,82263,0,0,0,0,549.6,0,0,2,4.5,,0,Marcos,0.0,30,7,207.1,False,697.8,0,0,0,0,2855,,,65,0,0,0,82263.jpg,5.0,0,0,Alonso,17.3,False,3.0,a,6,8,822.0,165,0,0,0,0,0.0,0.0,Alonso,6
116,2,0,186,75.0,,3,41270,0,0,0,0,22.3,0,0,2,2.7,,0,David,0.0,13,1,29.6,False,210.2,0,0,0,0,838,Knee injury - 75% chance of playing,2018-07-05T14:31:07Z,55,0,0,0,41270.jpg,3.2,1,0,Luiz Moreira Marinho,0.1,False,30.0,d,6,8,65.0,32,0,0,0,0,0.0,0.0,David Luiz,3
117,6,9,486,,,11,49013,0,0,0,0,358.1,0,0,2,4.1,,0,Victor,0.0,20,3,125.9,False,417.0,0,0,0,0,2109,,,60,0,0,0,49013.jpg,4.7,0,0,Moses,7.0,False,15.0,a,6,8,482.0,131,0,0,0,0,0.0,0.0,Moses,3
118,1,8,557,,,12,102380,0,0,0,0,83.0,0,0,2,4.1,,0,Antonio,0.0,22,2,84.8,False,546.6,0,0,0,0,2336,,,60,0,0,0,102380.jpg,4.3,0,0,Rüdiger,3.6,False,2.0,a,6,8,217.0,115,0,0,0,0,0.0,0.0,Rüdiger,4
119,0,4,475,,,8,135363,0,0,0,0,66.5,0,0,2,3.6,,0,Andreas,0.0,23,0,64.3,False,466.6,0,0,0,0,2067,,,55,0,0,0,135363.jpg,2.9,0,0,Christensen,2.0,False,27.0,a,6,8,109.0,79,0,0,0,0,0.0,0.0,Christensen,0
120,1,1,226,,,5,105700,0,0,0,0,245.3,0,0,2,3.6,,0,Davide,0.0,15,1,82.6,False,255.2,0,0,0,0,1087,,,55,0,0,0,105700.jpg,2.6,0,0,Zappacosta,0.3,False,21.0,a,6,8,329.0,58,0,0,0,0,0.0,0.0,Zappacosta,0
121,1,0,68,,,1,109533,0,0,0,0,28.7,0,0,2,3.6,,0,Emerson,0.0,4,0,13.8,False,61.8,0,0,0,0,278,,,55,0,0,0,109533.jpg,2.8,0,0,Palmieri dos Santos,0.3,False,33.0,a,6,8,48.0,14,0,0,0,0,0.0,0.0,Emerson,0
122,6,24,699,,,12,42786,0,0,0,0,1127.3,0,0,3,4.8,,0,Eden,0.0,27,12,317.3,False,928.0,0,0,0,0,2417,,,105,0,0,0,42786.jpg,5.1,0,0,Hazard,10.2,False,10.0,a,6,8,1115.0,173,0,0,0,0,0.0,0.0,Hazard,2
123,4,7,539,,,11,17878,0,0,0,0,1349.3,0,0,3,3.2,,0,Cesc,0.0,26,2,254.9,False,713.8,0,0,0,0,2300,,,65,0,0,0,17878.jpg,2.8,1,0,Fàbregas,1.5,False,4.0,a,6,8,485.0,89,0,0,0,0,0.0,0.0,Fàbregas,4
124,8,13,522,,,9,47431,0,0,0,0,891.5,0,0,3,3.6,,0,Willian,0.0,19,6,224.5,False,640.0,0,0,0,0,1874,,,75,0,0,0,47431.jpg,3.6,0,0,Borges Da Silva,8.3,False,22.0,a,6,8,715.0,130,0,0,0,0,0.0,0.0,Willian,1
125,2,2,272,,,8,49579,0,0,0,0,410.0,0,0,3,3.2,,0,Pedro,0.0,14,4,124.6,False,338.4,0,0,0,0,1511,,,65,0,0,0,49579.jpg,2.6,0,0,Rodríguez Ledesma,0.7,False,11.0,a,6,8,498.0,81,0,0,0,0,0.0,0.0,Pedro,1
126,2,9,655,,,16,116594,0,0,0,0,638.2,0,0,3,2.5,,0,N'Golo,0.0,32,1,151.7,False,676.0,0,0,0,0,2994,,,50,0,0,0,116594.jpg,3.0,0,0,Kanté,13.2,False,7.0,a,6,8,199.0,101,0,0,0,0,0.0,0.0,Kanté,3
127,0,0,11,,,0,88894,0,0,0,0,34.7,0,0,3,3.0,,0,Ross,0.0,4,0,10.1,False,21.0,0,0,0,0,129,,,60,0,0,0,88894.jpg,1.5,0,0,Barkley,0.3,False,8.0,a,6,8,45.0,3,0,0,0,0,0.0,0.0,Barkley,0
128,0,1,117,,,1,61603,0,0,0,0,88.1,0,0,3,2.5,,0,Daniel,0.0,7,1,25.7,False,116.4,0,0,0,0,520,,,50,0,0,0,61603.jpg,2.0,0,0,Drinkwater,0.2,False,6.0,a,6,8,54.0,24,0,0,0,0,0.0,0.0,Drinkwater,0
129,2,5,346,,,11,169102,0,0,0,0,279.5,0,0,3,2.5,,0,Tiemoué,0.0,24,2,113.2,False,415.4,0,0,0,0,2121,,,50,0,0,0,169102.jpg,2.7,1,0,Bakayoko,0.3,False,14.0,a,6,8,434.0,77,0,0,0,0,0.0,0.0,Bakayoko,3
130,0,0,6,75.0,,0,199598,0,0,0,0,0.0,0,0,3,1.7,,0,Ethan,0.0,1,0,0.7,False,7.4,0,0,0,0,10,Ankle injury - 75% chance of playing,2018-07-05T14:31:07Z,45,0,0,0,199598.jpg,1.0,0,0,Ampadu,0.0,False,44.0,d,6,8,0.0,1,0,0,0,0,0.0,0.0,Ampadu,0
131,0,0,11,,,0,209046,0,0,0,0,1.7,0,0,3,2.3,,0,Callum,0.0,1,0,3.8,False,8.8,0,0,0,0,27,,,45,0,0,0,209046.jpg,1.0,0,0,Hudson-Odoi,0.1,False,70.0,a,6,8,27.0,2,0,0,0,0,0.0,0.0,Hudson-Odoi,0
132,5,2,337,,,6,126187,0,0,0,0,377.0,0,0,3,2.7,,0,Ruben,0.0,30,2,124.5,False,379.2,0,0,0,0,1871,,,55,0,0,0,126187.jpg,3.2,0,0,Loftus-Cheek,2.3,False,,a,6,8,487.0,77,0,0,0,0,0.0,0.0,Loftus-Cheek,1
133,1,10,273,,,5,44346,0,0,0,0,311.1,0,0,4,3.8,,0,Olivier,0.0,11,7,129.0,False,307.0,0,0,0,0,981,,,80,0,0,0,44346.jpg,2.7,0,0,Giroud,9.0,False,18.0,a,6,8,673.0,77,0,0,0,0,0.0,0.0,Giroud,0
134,6,13,356,,,11,88482,0,0,0,0,478.9,0,0,4,4.4,,0,Álvaro,0.0,19,11,228.8,False,620.6,0,0,0,0,2055,,,90,0,0,0,88482.jpg,3.9,0,0,Morata,2.8,False,9.0,a,6,8,1192.0,122,0,0,0,0,0.0,0.0,Morata,7
459,0,0,0,,,0,85955,0,0,0,0,0.0,0,0,3,2.5,,0,Jorge Luiz,0.0,0,0,0.0,False,0.0,0,0,0,0,0,,,50,0,0,0,85955.jpg,0.0,0,0,Frello Filho,2.7,False,5.0,a,6,8,0.0,0,0,0,0,0,0.0,0.0,Jorginho,0
135,0,11,506,,,7,20066,0,0,0,0,10.0,0,0,1,2.5,,0,Wayne,0.0,41,0,61.4,False,603.8,0,0,0,0,2430,,,45,0,0,0,20066.jpg,3.7,0,91,Hennessey,1.6,False,13.0,a,7,31,0.0,99,0,0,0,0,0.0,0.0,Hennessey,1
136,0,3,175,,,2,11554,0,0,0,0,0.0,0,0,1,1.7,,0,Julian,0.0,14,0,21.3,False,213.6,0,0,0,0,990,,,40,0,0,0,11554.jpg,3.3,0,30,Speroni,13.4,False,1.0,a,7,31,0.0,36,0,0,0,0,0.0,0.0,Speroni,0
137,0,0,0,,,0,40836,0,0,0,0,0.0,0,0,1,2.5,,0,Vicente,0.0,0,0,0.0,False,0.0,0,0,0,0,0,,,45,0,0,0,40836.jpg,0.0,0,0,Guaita,0.5,False,,a,7,31,0.0,0,0,0,0,0,0.0,0.0,Guaita,0
138,0,9,512,,,9,49413,0,0,0,0,22.4,0,0,2,2.2,,0,James,0.0,32,3,104.7,False,712.6,0,0,0,0,2386,,,45,0,0,0,49413.jpg,3.5,0,0,Tomkins,11.6,False,5.0,a,7,31,309.0,99,0,0,0,0,0.0,0.0,Tomkins,8
139,0,0,211,0.0,,1,19188,0,0,0,0,62.3,0,0,2,0.0,,0,Scott,0.0,26,1,67.0,False,342.2,0,0,0,0,1434,Knee injury - Unknown return date,2018-07-05T14:31:07Z,45,0,0,0,19188.jpg,1.9,0,0,Dann,0.0,False,6.0,i,7,31,268.0,32,0,0,0,0,0.0,0.0,Dann,4
140,0,1,185,,,4,58786,0,0,0,0,25.7,0,0,2,1.7,,0,Martin,0.0,21,0,33.3,False,222.6,0,0,0,0,1193,,,40,1,0,0,58786.jpg,2.3,0,0,Kelly,4.9,False,34.0,a,7,31,84.0,34,0,0,0,0,0.0,0.0,Kelly,1
141,2,0,281,,,3,86417,0,0,0,0,189.7,0,0,2,2.2,,0,Jeffrey,0.0,30,0,68.6,False,339.6,0,0,0,0,1742,,,45,0,0,0,86417.jpg,2.1,0,0,Schlupp,0.3,False,15.0,a,7,31,155.0,50,0,0,0,0,0.0,0.0,Schlupp,3
142,1,7,448,,,6,74230,0,0,0,0,303.8,0,0,2,3.1,,0,Patrick,0.0,38,5,116.3,False,537.0,0,0,0,0,2182,,,55,0,0,0,74230.jpg,3.4,0,0,van Aanholt,5.7,False,3.0,a,7,31,319.0,95,0,0,0,0,0.0,0.0,van Aanholt,7
143,2,18,405,,,6,40784,0,0,0,0,30.7,0,0,2,2.6,,0,Mamadou,0.0,23,1,53.6,False,426.2,0,0,0,0,1597,,,50,0,0,0,40784.jpg,4.3,0,0,Sakho,1.2,False,12.0,a,7,31,77.0,81,0,0,0,0,0.0,0.0,Sakho,1
144,0,0,100,,,2,173954,0,0,0,0,21.5,0,0,2,2.2,,0,Jairo,0.0,6,0,10.6,False,74.4,0,0,0,0,435,,,45,0,0,0,173954.jpg,1.9,0,0,Riedewald,0.1,False,44.0,a,7,31,12.0,23,0,0,0,0,0.0,0.0,Riedewald,0
145,0,0,116,,,2,214590,0,0,0,0,60.0,0,0,2,1.7,,0,Aaron,0.0,10,0,26.8,False,207.2,0,0,0,0,627,,,40,0,0,0,214590.jpg,2.1,0,0,Wan-Bissaka,2.6,False,29.0,a,7,31,2.0,15,0,0,0,0,0.0,0.0,Wan-Bissaka,1
146,0,0,38,,,0,19197,0,0,0,0,93.9,0,0,3,1.8,,0,Jason,0.0,14,0,25.1,False,46.4,0,0,0,0,574,,,45,0,0,0,19197.jpg,1.1,0,0,Puncheon,0.8,False,42.0,a,7,31,112.0,11,0,0,0,0,0.0,0.0,Puncheon,5
147,2,9,416,,,7,50471,0,0,0,0,333.0,0,0,3,2.0,,0,James,0.0,35,5,138.9,False,490.6,0,0,0,0,2425,,,50,0,0,0,50471.jpg,3.1,0,0,McArthur,2.3,False,18.0,a,7,31,566.0,101,0,0,0,0,0.0,0.0,McArthur,5
148,0,1,115,75.0,,1,44343,0,0,0,0,103.1,0,0,3,1.5,,0,Bakary,0.0,10,3,46.9,False,143.2,0,0,0,0,466,Ankle injury - 75% chance of playing,2018-07-05T14:31:07Z,50,0,0,0,44343.jpg,2.3,0,0,Sako,0.0,False,,d,7,31,227.0,36,0,0,0,0,0.0,0.0,Sako,0
149,9,7,552,,,9,60252,0,0,0,0,1012.1,0,0,3,2.5,,0,Andros,0.0,48,2,222.8,False,626.0,0,0,0,0,3120,,,60,0,0,0,60252.jpg,3.4,0,0,Townsend,2.0,False,10.0,a,7,31,587.0,121,0,0,0,0,0.0,0.0,Townsend,3
150,2,21,630,,,8,66975,0,0,0,0,379.0,0,0,3,2.7,,0,Luka,0.0,52,10,168.6,False,873.8,0,0,0,0,3079,,,65,0,1,0,66975.jpg,4.0,0,0,Milivojevic,13.5,False,4.0,a,7,31,432.0,144,0,0,0,0,0.0,0.0,Milivojevic,8
151,7,8,404,,,10,82403,0,0,0,0,716.9,0,0,4,2.8,,0,Wilfried,0.0,31,9,251.0,False,668.0,0,0,0,0,2549,,,70,0,0,0,82403.jpg,4.7,0,0,Zaha,30.5,False,11.0,a,7,31,1125.0,136,0,0,0,0,0.0,0.0,Zaha,5
152,7,5,174,,,6,54861,0,0,0,0,406.7,0,0,4,2.5,,0,Christian,0.0,36,3,157.5,False,325.2,0,0,0,0,2234,,,65,0,1,0,54861.jpg,2.7,0,0,Benteke,1.5,False,17.0,a,7,31,845.0,84,0,0,0,0,0.0,0.0,Benteke,6
153,0,0,25,,,0,143877,0,0,0,0,74.0,0,0,4,1.8,,0,Alexander,0.0,9,0,22.5,False,48.6,0,0,0,0,360,,,50,0,0,0,143877.jpg,2.0,0,0,Sørloth,0.5,False,9.0,a,7,31,102.0,8,0,0,0,0,0.0,0.0,Sørloth,0
441,1,0,276,,,4,55494,0,0,0,0,163.5,0,0,2,2.2,,0,Joel,0.0,25,0,56.3,False,340.6,0,0,0,0,1613,,,45,1,0,0,55494.jpg,2.2,0,0,Ward,0.3,False,2.0,a,7,31,58.0,41,0,0,0,0,0.0,0.0,Ward,4
442,0,0,0,,,0,185478,0,0,0,0,0.0,0,0,2,1.7,,0,Jaroslaw,0.0,0,0,0.0,False,0.0,0,0,0,0,0,,,40,0,0,0,185478.jpg,0.0,0,0,Jach,0.5,False,33.0,a,7,31,0.0,0,0,0,0,0,0.0,0.0,Jach,0
443,0,0,3,,,0,79228,0,0,0,0,1.1,0,0,2,2.2,,0,Pape,0.0,0,0,0.1,False,0.2,0,0,0,0,8,,,45,0,0,0,79228.jpg,1.0,0,0,Souaré,0.1,False,23.0,a,7,31,0.0,1,0,0,0,0,0.0,0.0,Souaré,0
444,0,0,0,,,0,59125,0,0,0,0,0.0,0,0,4,1.8,,0,Connor,0.0,0,0,0.0,False,0.0,0,0,0,0,0,,,50,0,0,0,59125.jpg,0.0,0,0,Wickham,0.2,False,21.0,a,7,31,0.0,0,0,0,0,0,0.0,0.0,Wickham,0
154,0,16,724,,,10,111234,0,0,0,0,30.1,0,0,1,3.1,,0,Jordan,0.0,58,0,90.7,False,873.6,0,0,0,0,3420,,,50,0,0,1,111234.jpg,3.8,0,121,Pickford,23.3,False,1.0,a,8,11,4.0,145,0,0,0,0,0.0,0.0,Pickford,0
155,0,0,0,75.0,,0,10318,0,0,0,0,0.0,0,0,1,1.2,,0,Maarten,0.0,0,0,0.0,False,0.0,0,0,0,0,0,Groin Injury - 75% chance of playing,2018-07-05T14:31:07Z,40,0,0,0,10318.jpg,0.0,0,0,Stekelenburg,0.8,False,22.0,d,8,11,0.0,0,0,0,0,0,0.0,0.0,Stekelenburg,0
156,3,10,381,,,5,12745,0,0,0,0,373.5,0,0,2,3.1,,0,Leighton,0.0,34,2,88.2,False,407.4,0,0,0,0,1909,,,55,0,0,0,12745.jpg,3.7,0,0,Baines,2.5,False,3.0,a,8,11,102.0,82,0,0,0,0,0.0,0.0,Baines,1
157,1,0,198,,,4,59949,0,0,0,0,113.7,0,0,2,3.1,,0,Seamus,0.0,12,0,41.2,False,227.6,0,0,0,0,1035,,,55,0,0,0,59949.jpg,3.3,0,0,Coleman,4.4,False,23.0,a,8,11,69.0,39,0,0,0,0,0.0,0.0,Coleman,0
158,0,5,415,,,6,7645,0,0,0,0,24.1,0,0,2,2.2,,0,Phil,0.0,39,0,66.2,False,529.2,0,0,0,0,2063,,,45,0,0,0,7645.jpg,2.4,0,0,Jagielka,1.6,False,6.0,a,8,11,108.0,60,0,0,0,0,0.0,0.0,Jagielka,2
159,0,3,332,,,5,19159,0,0,0,0,39.0,0,0,2,2.2,,0,Ashley,0.0,31,1,68.9,False,518.0,0,0,0,0,1830,,,45,0,0,0,19159.jpg,2.3,1,0,Williams,1.5,False,5.0,a,8,11,132.0,56,0,0,0,0,0.0,0.0,Williams,3
160,0,0,214,,,4,194164,0,0,0,0,93.9,0,0,2,2.2,,0,Mason,0.0,14,0,48.5,False,285.8,0,0,0,0,1183,,,45,0,0,0,194164.jpg,2.5,0,0,Holgate,0.4,False,30.0,a,8,11,105.0,37,0,0,0,0,0.0,0.0,Holgate,3
161,2,2,309,,,5,153673,0,0,0,0,184.5,0,0,2,2.2,,0,Jonjoe,0.0,31,0,59.5,False,362.4,0,0,0,0,1589,,,45,0,0,0,153673.jpg,2.6,0,0,Kenny,0.3,False,43.0,a,8,11,47.0,50,0,0,0,0,0.0,0.0,Kenny,2
162,1,11,513,,,7,106611,0,0,0,0,58.4,0,0,2,2.6,,0,Michael,0.0,46,0,88.7,False,703.4,0,0,0,0,2559,,,50,0,0,0,106611.jpg,2.7,0,0,Keane,2.1,False,4.0,a,8,11,124.0,81,0,0,0,0,0.0,0.0,Keane,3
163,2,0,367,,,5,56192,0,0,0,0,238.8,0,0,2,2.2,,0,Cuco,0.0,30,0,74.9,False,468.8,0,0,0,0,1830,,,45,0,0,0,56192.jpg,2.6,0,0,Martina,0.2,False,15.0,a,8,11,39.0,55,0,0,0,0,0.0,0.0,Martina,2
164,3,3,226,,,4,20467,0,0,0,0,234.9,0,0,3,2.7,,0,Theo,0.0,17,3,95.9,False,316.6,0,0,0,0,1214,,,65,0,0,0,20467.jpg,3.1,0,0,Walcott,4.9,False,11.0,a,8,11,406.0,62,0,0,0,0,0.0,0.0,Walcott,2
165,1,0,80,,,3,55452,0,0,0,0,109.0,0,0,3,2.5,,0,Yannick,0.0,14,1,40.8,False,98.6,0,0,0,0,848,,,60,0,0,0,55452.jpg,2.2,0,0,Bolasie,0.5,False,7.0,a,8,11,204.0,35,0,0,0,0,0.0,0.0,Bolasie,0
166,0,0,41,0.0,,0,50472,0,0,0,0,19.3,0,0,3,0.0,,0,James,0.0,6,0,5.8,False,33.8,0,0,0,0,204,Leg injury - Unknown return date,2018-07-05T14:31:07Z,45,0,0,0,50472.jpg,1.5,0,0,McCarthy,0.0,False,16.0,i,8,11,4.0,6,0,0,0,0,0.0,0.0,McCarthy,0
167,0,1,344,,,6,42774,0,0,0,0,159.2,0,0,3,1.8,,0,Morgan,0.0,38,0,57.2,False,361.2,0,0,0,0,2124,,,45,0,0,0,42774.jpg,1.7,1,0,Schneiderlin,1.8,False,2.0,a,8,11,52.0,52,0,0,0,0,0.0,0.0,Schneiderlin,4
168,2,7,552,,,9,80801,0,0,0,0,303.6,0,0,3,2.0,,0,Idrissa,0.0,45,2,104.6,False,577.0,0,0,0,0,2749,,,50,0,0,0,80801.jpg,2.6,1,0,Gueye,0.6,False,17.0,a,8,11,166.0,87,0,0,0,0,0.0,0.0,Gueye,6
169,2,3,223,,,6,173807,0,0,0,0,207.2,0,0,3,2.2,,0,Tom,0.0,24,2,65.8,False,242.8,0,0,0,0,1892,,,55,0,0,0,173807.jpg,2.0,0,0,Davies,0.3,False,26.0,a,8,11,218.0,66,0,0,0,0,0.0,0.0,Davies,7
170,1,0,30,,,0,219352,0,0,0,0,20.5,0,0,3,2.2,,0,Ademola,0.0,6,0,7.5,False,12.0,0,0,0,0,153,,,55,0,0,0,219352.jpg,1.4,0,0,Lookman,0.6,False,31.0,a,8,11,43.0,10,0,0,0,0,0.0,0.0,Lookman,0
171,0,0,18,,,0,109065,0,0,0,0,33.7,0,0,3,2.5,,0,Davy,0.0,6,0,8.3,False,23.0,0,0,0,0,248,,,60,0,0,0,109065.jpg,1.0,0,0,Klaassen,0.2,False,20.0,a,8,11,28.0,7,0,0,0,0,0.0,0.0,Klaassen,0
172,4,8,396,,,6,55422,0,0,0,0,614.9,0,0,3,3.1,,0,Gylfi,0.0,40,4,154.0,False,485.6,0,0,0,0,2257,,,75,0,0,0,55422.jpg,3.6,0,0,Sigurdsson,3.0,False,18.0,a,8,11,437.0,96,0,0,0,0,0.0,0.0,Sigurdsson,2
173,0,0,80,,,1,180151,0,0,0,0,159.1,0,0,3,2.0,,0,Nikola,0.0,12,0,33.6,False,91.8,0,0,0,0,572,,,50,0,0,0,180151.jpg,1.5,0,0,Vlasic,0.1,False,27.0,a,8,11,85.0,18,0,0,0,0,0.0,0.0,Vlasic,0
174,0,0,20,,,0,195855,0,0,0,0,3.8,0,0,3,1.8,,0,Beni,0.0,2,0,1.3,False,9.4,0,0,0,0,192,,,45,0,0,0,195855.jpg,0.9,0,0,Baningime,0.1,False,54.0,a,8,11,0.0,7,0,0,0,0,0.0,0.0,Baningime,1
175,8,3,255,,,6,177815,0,0,0,0,322.6,0,0,4,2.1,,0,Dominic,0.0,28,4,130.2,False,354.0,0,0,0,0,1871,,,55,0,0,0,177815.jpg,2.8,0,0,Calvert-Lewin,2.5,False,29.0,a,8,11,630.0,88,0,0,0,0,0.0,0.0,Calvert-Lewin,4
176,3,14,248,,,0,113688,0,0,0,0,159.2,0,0,4,2.1,,0,Oumar,0.0,23,8,115.2,False,370.6,0,0,0,0,1076,,,55,0,0,0,113688.jpg,3.8,0,0,Niasse,1.5,False,19.0,a,8,11,634.0,83,0,0,0,0,0.0,0.0,Niasse,2
177,0,9,192,,,4,66838,0,0,0,0,226.4,0,0,4,2.8,,0,Cenk,0.0,13,5,75.6,False,232.4,0,0,0,0,984,,,70,0,0,0,66838.jpg,3.9,0,0,Tosun,12.1,False,14.0,a,8,11,304.0,55,0,0,0,0,0.0,0.0,Tosun,0
178,0,0,0,,,0,122074,0,0,0,0,0.0,0,0,1,1.5,,0,Marcus,0.0,0,0,0.0,False,0.0,0,0,0,0,0,,,45,0,0,0,122074.jpg,0.0,0,0,Bettinelli,0.8,False,1.0,a,9,54,0.0,0,0,0,0,0,0.0,0.0,Bettinelli,0
180,0,0,0,,,0,82514,0,0,0,0,0.0,0,0,2,1.2,,0,Tim,0.0,0,0,0.0,False,0.0,0,0,0,0,0,,,45,0,0,0,82514.jpg,0.0,0,0,Ream,0.9,False,13.0,a,9,54,0.0,0,0,0,0,0,0.0,0.0,Ream,0
181,0,0,0,,,0,72681,0,0,0,0,0.0,0,0,2,1.2,,0,Denis,0.0,0,0,0.0,False,0.0,0,0,0,0,0,,,45,0,0,0,72681.jpg,0.0,0,0,Odoi,0.4,False,4.0,a,9,54,0.0,0,0,0,0,0,0.0,0.0,Odoi,0
182,0,0,0,,,0,76357,0,0,0,0,0.0,0,0,3,1.0,,0,Tom,0.0,0,0,0.0,False,0.0,0,0,0,0,0,,,50,0,0,0,76357.jpg,0.0,0,0,Cairney,4.2,False,10.0,a,9,54,0.0,0,0,0,0,0,0.0,0.0,Cairney,0
183,0,0,0,,,0,55038,0,0,0,0,0.0,0,0,3,0.8,,0,Kevin,0.0,0,0,0.0,False,0.0,0,0,0,0,0,,,45,0,0,0,55038.jpg,0.0,0,0,McDonald,0.6,False,6.0,a,9,54,0.0,0,0,0,0,0,0.0,0.0,McDonald,0
184,0,0,0,,,0,184349,0,0,0,0,0.0,0,0,3,1.7,,0,Ryan,0.0,0,0,0.0,False,0.0,0,0,0,0,0,,,65,0,0,0,184349.jpg,0.0,0,0,Sessegnon,14.3,False,3.0,a,9,54,0.0,0,0,0,0,0,0.0,0.0,Sessegnon,0
185,0,0,0,,,0,61916,0,0,0,0,0.0,0,0,3,1.2,,0,Stefan,0.0,0,0,0.0,False,0.0,0,0,0,0,0,,,55,0,0,0,61916.jpg,0.0,0,0,Johansen,0.4,False,8.0,a,9,54,0.0,0,0,0,0,0,0.0,0.0,Johansen,0
186,0,0,0,,,0,54421,0,0,0,0,0.0,0,0,3,0.8,,0,Floyd,0.0,0,0,0.0,False,0.0,0,0,0,0,0,,,45,0,0,0,54421.jpg,0.0,0,0,Ayité,0.3,False,11.0,a,9,54,0.0,0,0,0,0,0,0.0,0.0,Ayité,0
187,0,0,0,,,0,92259,0,0,0,0,0.0,0,0,3,0.8,,0,Neeskens,0.0,0,0,0.0,False,0.0,0,0,0,0,0,,,45,0,0,0,92259.jpg,0.0,0,0,Kebano,0.2,False,7.0,a,9,54,0.0,0,0,0,0,0,0.0,0.0,Kebano,0
188,0,0,0,,,0,58476,0,0,0,0,0.0,0,0,3,0.8,,0,Rui Pedro,0.0,0,0,0.0,False,0.0,0,0,0,0,0,,,45,0,0,0,58476.jpg,0.0,0,0,da Rocha Fonte,0.5,False,9.0,a,9,54,0.0,0,0,0,0,0,0.0,0.0,Fonte,0
189,0,0,0,,,0,197030,0,0,0,0,0.0,0,0,4,0.6,,0,Aboubakar,0.0,0,0,0.0,False,0.0,0,0,0,0,0,,,45,0,0,0,197030.jpg,0.0,0,0,Kamara,7.0,False,47.0,a,9,54,0.0,0,0,0,0,0,0.0,0.0,Kamara,0
455,0,0,0,,,0,61739,0,0,0,0,0.0,0,0,2,1.2,,0,Maxime,0.0,0,0,0.0,False,0.0,0,0,0,0,0,,,45,0,0,0,61739.jpg,0.0,0,0,Le Marchand,0.3,False,,a,9,54,0.0,0,0,0,0,0,0.0,0.0,Le Marchand,0
456,0,0,0,,,0,170271,0,0,0,0,0.0,0,0,3,1.2,,0,Jean Michael,0.0,0,0,0.0,False,0.0,0,0,0,0,0,,,55,0,0,0,170271.jpg,0.0,0,0,Seri,2.7,False,,a,9,54,0.0,0,0,0,0,0,0.0,0.0,Seri,0
460,0,0,0,,,0,87107,0,0,0,0,0.0,0,0,2,1.2,,0,Cyrus,0.0,0,0,0.0,False,0.0,0,0,0,0,0,,,45,0,0,0,87107.jpg,0.0,0,0,Christie,0.1,False,22.0,a,9,54,0.0,0,0,0,0,0,0.0,0.0,Christie,0
190,0,0,54,,,1,38038,0,0,0,0,0.0,0,0,1,0.2,,0,Ben,0.0,7,0,5.1,False,51.8,0,0,0,0,274,,,40,0,0,0,38038.jpg,2.3,0,6,Hamer,1.9,False,12.0,a,10,38,0.0,9,0,0,0,0,0.0,0.0,Hamer,0
191,1,11,701,,,10,57513,0,0,0,0,30.0,0,0,1,1.0,,0,Jonas,0.0,58,0,87.8,False,846.8,0,0,0,0,3420,,,45,1,0,2,57513.jpg,3.6,0,103,Lössl,3.0,False,1.0,a,10,38,0.0,135,0,0,0,0,0.0,0.0,Lössl,1
192,2,15,692,,,9,85368,0,0,0,0,107.1,0,0,2,0.7,,0,Christopher,0.0,53,0,119.1,False,928.0,0,0,0,0,3264,,,45,0,0,0,85368.jpg,2.8,1,0,Schindler,3.4,False,26.0,a,10,38,149.0,102,0,0,0,0,0.0,0.0,Schindler,6
193,0,0,321,,,7,54284,0,0,0,0,125.5,0,0,2,0.7,,0,Chris,0.0,26,0,43.0,False,266.0,0,0,0,0,1585,,,45,0,0,0,54284.jpg,2.6,0,0,Löwe,0.2,False,15.0,a,10,38,39.0,60,0,0,0,0,0.0,0.0,Löwe,1
194,1,2,311,,,5,104545,0,0,0,0,251.6,0,0,2,0.7,,0,Tommy,0.0,31,0,62.8,False,322.0,0,0,0,0,1902,,,45,0,0,0,104545.jpg,2.1,0,0,Smith,0.1,False,2.0,a,10,38,50.0,50,0,0,0,0,0.0,0.0,Smith,7
195,3,9,623,,,10,48760,0,0,0,0,123.6,0,0,2,0.7,,0,Mathias,0.0,58,0,106.2,False,768.6,0,0,0,0,3420,,,45,0,0,0,48760.jpg,2.8,0,0,Jorgensen,10.8,False,25.0,a,10,38,169.0,107,0,0,0,0,0.0,0.0,Zanka,6
196,1,4,211,,,3,79733,0,0,0,0,146.8,0,0,2,0.2,,0,Scott,0.0,23,0,46.5,False,221.6,0,0,0,0,1110,,,40,0,0,0,79733.jpg,1.9,0,0,Malone,10.6,False,3.0,a,10,38,97.0,41,0,0,0,0,0.0,0.0,Malone,3
197,1,5,274,,,4,172246,0,0,0,0,381.8,0,0,2,0.7,,0,Florent,0.0,28,0,78.8,False,310.0,0,0,0,0,1670,,,45,0,0,0,172246.jpg,2.2,0,0,Hadergjonaj,0.1,False,33.0,a,10,38,95.0,51,0,0,0,0,0.0,0.0,Hadergjonaj,3
198,0,2,182,,,2,109434,0,0,0,0,52.2,0,0,2,0.7,,0,Terence,0.0,14,0,36.7,False,268.0,0,0,0,0,1047,,,45,0,0,0,109434.jpg,2.3,0,0,Kongolo,0.3,False,5.0,a,10,38,47.0,30,0,0,0,0,0.0,0.0,Kongolo,0
199,3,8,576,,,10,74471,0,0,0,0,848.8,0,0,3,0.7,,0,Aaron,0.0,52,4,195.2,False,753.2,0,0,0,0,3066,,,55,0,0,0,74471.jpg,3.1,0,0,Mooy,4.5,False,10.0,a,10,38,350.0,113,0,0,0,0,0.0,0.0,Mooy,4
200,0,3,240,,,6,51344,0,0,0,0,261.6,0,0,3,0.5,,0,Rajiv,0.0,36,3,112.7,False,322.6,0,0,0,0,2131,,,50,0,0,0,51344.jpg,2.2,1,0,van La Parra,0.1,False,17.0,a,10,38,544.0,74,0,0,0,0,0.0,0.0,van La Parra,3
201,0,0,400,,,7,79619,0,0,0,0,172.8,0,0,3,0.3,,0,Jonathan,0.0,40,0,71.2,False,475.0,0,0,0,0,2396,,,45,0,0,0,79619.jpg,1.8,1,0,Hogg,0.3,False,6.0,a,10,38,61.0,53,0,0,0,0,0.0,0.0,Hogg,8
202,0,0,98,,,3,168991,0,0,0,0,58.6,0,0,3,0.3,,0,Philip,0.0,11,0,19.3,False,111.4,0,0,0,0,755,,,45,0,0,0,168991.jpg,1.4,0,0,Billing,0.1,False,8.0,a,10,38,26.0,22,0,0,0,0,0.0,0.0,Billing,3
203,1,3,269,,,7,86176,0,0,0,0,331.3,0,0,3,0.5,,0,Tom,0.0,39,2,138.0,False,253.0,0,0,0,0,2450,,,50,0,0,0,86176.jpg,2.5,0,0,Ince,0.3,False,11.0,a,10,38,794.0,82,0,0,0,0,0.0,0.0,Ince,0
204,0,0,134,0.0,,0,80755,0,0,0,0,83.0,0,0,3,0.0,,0,Danny,0.0,22,0,27.0,False,131.4,0,0,0,0,1115,Ankle injury - Unknown return date,2018-07-05T14:31:07Z,45,0,0,0,80755.jpg,1.4,0,0,Williams,0.0,False,19.0,i,10,38,56.0,28,0,0,0,0,0.0,0.0,Williams,2
205,1,0,30,,,1,246878,0,0,0,0,40.6,0,0,3,0.3,,0,Abdelhamid,0.0,5,0,12.4,False,30.8,0,0,0,0,217,,,45,0,0,0,246878.jpg,2.0,0,0,Sabiri,0.1,False,29.0,a,10,38,53.0,10,0,0,0,0,0.0,0.0,Sabiri,1
206,2,3,168,,,3,106450,0,0,0,0,300.3,0,0,3,0.5,,0,Alex,0.0,12,1,68.7,False,173.6,0,0,0,0,997,,,50,0,0,0,106450.jpg,2.9,0,0,Pritchard,0.2,False,21.0,a,10,38,213.0,40,0,0,0,0,0.0,0.0,Pritchard,1
207,1,2,226,,,2,205102,0,0,0,0,237.9,0,0,3,0.5,,0,Ramadan,0.0,30,2,68.1,False,237.6,0,0,0,0,1227,,,50,0,0,0,205102.jpg,2.1,0,0,Sobhi,0.6,False,14.0,a,10,38,206.0,51,0,0,0,0,0.0,0.0,Sobhi,2
208,0,0,0,,,0,204380,0,0,0,0,0.0,0,0,3,0.3,,0,Juninho,0.0,0,0,0.0,False,0.0,0,0,0,0,0,,,45,0,0,0,204380.jpg,0.0,0,0,Bacuna,0.2,False,7.0,a,10,38,0.0,0,0,0,0,0,0.0,0.0,Bacuna,0
209,4,0,173,,,3,84112,0,0,0,0,255.7,0,0,4,0.1,,0,Collin,0.0,23,0,74.8,False,209.0,0,0,0,0,1268,,,45,0,0,0,84112.jpg,1.7,0,0,Quaner,7.9,False,23.0,a,10,38,283.0,44,0,0,0,0,0.0,0.0,Quaner,4
210,2,14,283,,,4,147303,0,0,0,0,191.4,0,0,4,0.6,,0,Laurent,0.0,34,6,99.6,False,352.0,0,0,0,0,1807,,,55,0,0,0,147303.jpg,2.8,0,0,Depoitre,1.8,False,20.0,a,10,38,451.0,94,0,0,0,0,0.0,0.0,Depoitre,1
211,2,12,269,,,6,169141,0,0,0,0,270.7,0,0,4,0.8,,0,Steve,0.0,32,7,124.5,False,377.0,0,0,0,0,1849,,,60,0,0,0,169141.jpg,3.3,0,0,Mounie,0.4,False,24.0,a,10,38,600.0,92,0,0,0,0,0.0,0.0,Mounie,2
212,1,0,151,75.0,,6,87428,0,0,0,0,152.1,0,0,4,0.2,,0,Elias,0.0,23,1,54.5,False,151.0,0,0,0,0,1327,Ankle injury - 75% chance of playing,2018-07-05T14:31:07Z,50,0,0,0,87428.jpg,2.4,0,0,Kachunga,0.0,False,9.0,d,10,38,246.0,46,0,0,0,0,0.0,0.0,Kachunga,1
461,0,0,0,,,0,118884,0,0,0,0,0.0,0,0,2,0.7,,0,Erik,0.0,0,0,0.0,False,0.0,0,0,0,0,0,,,45,0,0,0,118884.jpg,0.0,0,0,Durm,0.2,False,,a,10,38,0.0,0,0,0,0,0,0.0,0.0,Durm,0
213,0,17,592,,,8,17745,0,0,0,0,11.1,0,0,1,2.1,,0,Kasper,0.0,47,0,69.9,False,687.2,0,0,0,0,2965,,,50,1,0,2,17745.jpg,3.7,0,93,Schmeichel,4.9,False,1.0,a,11,13,0.0,123,0,0,0,0,0.0,0.0,Schmeichel,3
214,0,0,36,,,0,11974,0,0,0,0,0.0,0,0,1,1.5,,0,Eldin,0.0,6,0,6.8,False,67.8,0,0,0,0,180,,,45,0,0,0,11974.jpg,2.0,0,8,Jakupovic,0.2,False,17.0,a,11,13,0.0,4,0,0,0,0,0.0,0.0,Jakupovic,0
215,0,1,390,,,5,15033,0,0,0,0,62.0,0,0,2,1.2,,0,Wes,0.0,52,0,75.1,False,530.0,0,0,0,0,2817,,,45,0,0,0,15033.jpg,1.9,0,0,Morgan,0.9,False,5.0,a,11,13,158.0,61,0,0,0,0,0.0,0.0,Morgan,4
216,1,8,370,,,4,37402,0,0,0,0,282.2,0,0,2,1.2,,0,Christian,0.0,35,0,73.5,False,396.6,0,0,0,0,1917,,,45,1,0,0,37402.jpg,2.3,0,0,Fuchs,0.7,False,28.0,a,11,13,55.0,57,0,0,0,0,0.0,0.0,Fuchs,1
217,0,0,342,,,5,40725,0,0,0,0,121.2,0,0,2,1.2,,0,Danny,0.0,41,0,60.7,False,444.2,0,0,0,0,2306,,,45,0,0,0,40725.jpg,2.0,0,0,Simpson,0.4,False,2.0,a,11,13,42.0,55,0,0,0,0,0.0,0.0,Simpson,4
218,0,0,7,,,0,41321,0,0,0,0,1.3,0,0,2,0.7,,0,Yohan,0.0,2,0,4.4,False,24.8,0,0,0,0,90,,,40,0,0,0,41321.jpg,1.0,0,0,Benalouane,0.7,False,29.0,a,11,13,18.0,1,0,0,0,0,0.0,0.0,Benalouane,0
219,2,4,381,75.0,,6,172850,0,0,0,0,332.1,0,0,2,1.2,,0,Benjamin,0.0,30,0,78.0,False,382.8,0,0,0,0,1848,Calf injury - 75% chance of playing,2018-07-05T14:31:07Z,50,0,0,0,172850.jpg,2.7,1,0,Chilwell,0.1,False,3.0,d,11,13,63.0,65,0,0,0,0,0.0,0.0,Chilwell,1
220,4,10,716,,,9,95658,0,0,0,0,254.3,0,0,2,2.1,,0,Harry,0.0,60,2,168.8,False,955.8,0,0,0,0,3420,,,55,0,0,0,95658.jpg,3.1,0,0,Maguire,20.9,False,15.0,a,11,13,478.0,117,0,0,0,0,0.0,0.0,Maguire,7
221,0,0,0,,,0,111931,0,0,0,0,0.0,0,0,2,1.6,,0,Ricardo Domingos,0.0,0,0,0.0,False,0.0,0,0,0,0,0,,,50,0,0,0,111931.jpg,0.0,0,0,Barbosa Pereira,1.0,False,,a,11,13,0.0,0,0,0,0,0,0.0,0.0,Pereira,0
222,2,5,455,,,6,37642,0,0,0,0,104.2,0,0,2,1.6,,0,Jonny,0.0,38,2,85.1,False,536.2,0,0,0,0,2269,,,50,1,0,0,37642.jpg,2.8,0,0,Evans,1.3,False,,a,11,13,211.0,78,0,0,0,0,0.0,0.0,Evans,7
224,8,12,458,,,8,51938,0,0,0,0,718.3,0,0,3,1.2,,0,Marc,0.0,42,2,160.2,False,580.0,0,0,0,0,2533,,,55,0,0,0,51938.jpg,3.1,1,0,Albrighton,1.4,False,11.0,a,11,13,300.0,107,0,0,0,0,0.0,0.0,Albrighton,5
225,3,2,308,,,4,172632,0,0,0,0,412.8,0,0,3,1.2,,0,Demarai,0.0,35,3,116.7,False,290.6,0,0,0,0,1683,,,55,0,0,0,172632.jpg,2.3,0,0,Gray,0.9,False,7.0,a,11,13,461.0,80,0,0,0,0,0.0,0.0,Gray,2
226,0,0,53,,,3,155569,0,0,0,0,10.3,0,0,3,0.8,,0,Daniel,0.0,7,0,9.2,False,81.2,0,0,0,0,486,,,45,0,0,0,155569.jpg,1.6,1,0,Amartey,0.2,False,18.0,a,11,13,0.0,13,0,0,0,0,0.0,0.0,Amartey,0
227,4,4,449,,,9,203341,0,0,0,0,230.7,0,0,3,1.0,,0,Wilfred,0.0,45,0,117.2,False,640.4,0,0,0,0,2896,,,50,0,0,0,203341.jpg,2.4,2,0,Ndidi,0.7,False,25.0,a,11,13,299.0,78,0,0,0,0,0.0,0.0,Ndidi,6
228,0,6,293,,,3,54513,0,0,0,0,131.6,0,0,3,1.0,,0,Vicente,0.0,23,3,62.3,False,341.6,0,0,0,0,1411,,,50,0,0,0,54513.jpg,3.1,0,0,Iborra,0.1,False,21.0,a,11,13,150.0,58,0,0,0,0,0.0,0.0,Iborra,0
229,0,0,121,75.0,,4,61604,0,0,0,0,52.7,0,0,3,0.6,,0,Matty,0.0,15,0,31.4,False,114.6,0,0,0,0,991,Achilles injury - 75% chance of playing,2018-07-05T14:31:07Z,45,0,0,0,61604.jpg,2.0,0,0,James,0.0,False,22.0,d,11,13,145.0,26,0,0,0,0,0.0,0.0,James,2
230,1,0,60,,,0,197469,0,0,0,0,20.2,0,0,3,0.8,,0,Hamza,0.0,9,0,10.4,False,68.0,0,0,0,0,375,,,45,0,0,0,197469.jpg,1.6,0,0,Choudhury,0.1,False,38.0,a,11,13,16.0,13,0,0,0,0,0.0,0.0,Choudhury,1
231,2,0,128,,,1,46483,0,0,0,0,120.0,0,0,3,1.0,,0,Adrien Sebastian,0.0,18,0,31.8,False,133.2,0,0,0,0,760,,,50,0,0,0,46483.jpg,1.9,0,0,Perruchet Silva,0.3,False,14.0,a,11,13,65.0,23,0,0,0,0,0.0,0.0,Silva,3
232,1,0,72,,,0,210207,0,0,0,0,130.8,0,0,3,1.0,,0,Fousseni,0.0,12,0,29.7,False,98.6,0,0,0,0,579,,,50,0,0,0,210207.jpg,1.5,0,0,Diabaté,0.1,False,33.0,a,11,13,67.0,21,0,0,0,0,0.0,0.0,Diabaté,1
233,0,0,0,75.0,,0,172780,0,0,0,0,0.0,0,0,3,1.3,,0,James,0.0,0,0,0.0,False,0.0,0,0,0,0,0,Knee injury - 75% chance of playing,2018-07-05T14:31:07Z,65,0,0,0,172780.jpg,0.0,0,0,Maddison,0.4,False,,d,11,13,0.0,0,0,0,0,0,0.0,0.0,Maddison,0
234,2,28,674,,,8,101668,0,0,0,0,439.9,0,0,4,2.9,,0,Jamie,0.0,57,20,248.6,False,822.8,0,0,0,0,3248,,,90,0,1,0,101668.jpg,4.9,0,0,Vardy,9.2,False,9.0,a,11,13,1222.0,183,0,0,0,0,0.0,0.0,Vardy,3
235,3,7,275,,,5,78412,0,0,0,0,228.1,0,0,4,1.1,,0,Shinji,0.0,19,6,107.9,False,347.6,0,0,0,0,1314,,,55,0,0,0,78412.jpg,2.8,0,0,Okazaki,1.5,False,20.0,a,11,13,508.0,76,0,0,0,0,0.0,0.0,Okazaki,2
236,4,5,171,,,1,173515,0,0,0,0,185.6,0,0,4,1.3,,0,Kelechi,0.0,17,3,74.5,False,214.2,0,0,0,0,818,,,60,0,0,0,173515.jpg,2.6,0,0,Iheanacho,0.7,False,8.0,a,11,13,350.0,54,0,0,0,0,0.0,0.0,Iheanacho,2
237,0,0,329,,,7,66797,0,0,0,0,0.0,0,0,1,3.6,,0,Simon,0.0,24,0,28.0,False,281.0,0,0,0,0,1710,,,50,0,0,1,66797.jpg,3.5,0,36,Mignolet,0.2,False,22.0,a,12,14,0.0,67,0,0,0,0,0.0,0.0,Mignolet,3
238,0,5,382,,,10,104542,0,0,0,0,0.0,0,0,1,3.6,,0,Loris,0.0,14,0,27.9,False,280.6,0,0,0,0,1710,,,50,0,0,1,104542.jpg,4.6,0,31,Karius,1.2,False,1.0,a,12,14,0.0,88,0,0,0,0,0.0,0.0,Karius,1
239,1,10,539,,,11,38454,0,0,0,0,104.5,0,0,2,3.1,,0,Dejan,0.0,24,2,100.2,False,656.4,0,0,0,0,2124,,,50,0,0,0,38454.jpg,3.8,0,0,Lovren,10.3,False,6.0,a,12,14,242.0,110,0,0,0,0,0.0,0.0,Lovren,4
240,1,3,328,,,6,100059,0,0,0,0,250.1,0,0,2,2.7,,0,Alberto,0.0,19,0,61.7,False,261.8,0,0,0,0,1264,,,45,0,0,0,100059.jpg,3.3,0,0,Moreno,0.3,False,18.0,a,12,14,106.0,52,0,0,0,0,0.0,0.0,Moreno,1
241,0,0,25,,,1,57328,0,0,0,0,23.8,0,0,2,3.1,,0,Nathaniel,0.0,1,0,8.7,False,21.8,0,0,0,0,173,,,50,0,0,0,57328.jpg,2.3,0,0,Clyne,0.5,False,2.0,a,12,14,41.0,7,0,0,0,0,0.0,0.0,Clyne,1
242,2,9,480,75.0,,9,171287,0,0,0,0,285.6,0,0,2,2.3,,0,Joseph,0.0,22,0,76.9,False,437.4,0,0,0,0,1901,Ankle injury - 75% chance of playing,2018-07-05T14:31:07Z,50,0,0,0,171287.jpg,3.7,0,0,Gomez,0.1,False,12.0,d,12,14,46.0,86,0,0,0,0,0.0,0.0,Gomez,3
243,0,3,470,,,9,60914,0,0,0,0,96.1,0,0,2,3.1,,0,Joel,0.0,27,1,78.1,False,544.8,0,0,0,0,1995,,,50,0,0,0,60914.jpg,3.2,0,0,Matip,0.5,False,32.0,a,12,14,140.0,81,0,0,0,0,0.0,0.0,Matip,3
244,0,9,384,,,8,33871,0,0,0,0,65.0,0,0,2,2.7,,0,Ragnar,0.0,15,1,46.6,False,357.2,0,0,0,0,1449,,,45,0,0,0,33871.jpg,4.1,0,0,Klavan,0.4,False,17.0,a,12,14,43.0,78,0,0,0,0,0.0,0.0,Klavan,0
245,2,10,385,,,8,169187,0,0,0,0,399.2,0,0,2,3.1,,0,Trent,0.0,17,1,90.1,False,358.2,0,0,0,0,1573,,,50,0,0,0,169187.jpg,4.4,0,0,Alexander-Arnold,18.3,False,66.0,a,12,14,142.0,83,0,0,0,0,0.0,0.0,Alexander-Arnold,3
246,0,5,481,,,8,97032,0,0,0,0,122.6,0,0,2,4.1,,0,Virgil,0.0,28,0,100.2,False,601.0,0,0,0,0,2253,,,60,0,0,0,97032.jpg,3.0,0,0,van Dijk,13.2,False,4.0,a,12,14,277.0,78,0,0,0,0,0.0,0.0,van Dijk,1
247,5,12,514,,,10,122798,0,0,0,0,414.5,0,0,2,4.1,,0,Andrew,0.0,18,1,101.3,False,424.0,0,0,0,0,1940,,,60,0,0,0,122798.jpg,5.0,0,0,Robertson,16.4,False,26.0,a,12,14,174.0,111,0,0,0,0,0.0,0.0,Robertson,2
248,7,5,423,0.0,,5,81880,0,0,0,0,625.1,0,0,3,0.0,,0,Alex,0.0,28,3,166.5,False,548.0,0,0,0,0,1718,Knee injury - Unknown return date,2018-07-05T14:31:07Z,65,0,0,0,81880.jpg,2.7,0,0,Oxlade-Chamberlain,0.1,False,21.0,i,12,14,494.0,94,0,0,0,0,0.0,0.0,Chamberlain,3
249,1,3,382,,,14,56979,0,0,0,0,448.8,0,0,3,2.7,,0,Jordan,0.0,21,1,97.8,False,417.0,0,0,0,0,2169,,,55,0,0,0,56979.jpg,2.8,0,0,Henderson,1.3,False,14.0,a,12,14,110.0,75,0,0,0,0,0.0,0.0,Henderson,1
250,0,0,37,,,1,39155,0,0,0,0,113.4,0,0,3,3.4,,0,Adam,0.0,1,0,27.3,False,32.6,0,0,0,0,234,,,70,0,0,0,39155.jpg,1.1,0,0,Lallana,5.1,False,20.0,a,12,14,128.0,13,0,0,0,0,0.0,0.0,Lallana,1
251,8,8,499,,,15,110979,0,0,0,0,739.1,0,0,3,4.4,,0,Sadio,0.0,24,10,238.0,False,677.4,0,0,0,0,2189,,,95,0,0,0,110979.jpg,5.1,1,0,Mané,12.0,False,19.0,a,12,14,964.0,147,0,0,0,0,0.0,0.0,Mané,3
252,2,1,406,,,15,41733,0,0,0,0,356.2,0,0,3,2.7,,0,Georginio,0.0,23,1,109.9,False,341.8,0,0,0,0,2381,,,55,0,0,0,41733.jpg,2.6,0,0,Wijnaldum,0.5,False,5.0,a,12,14,399.0,85,0,0,0,0,0.0,0.0,Wijnaldum,1
253,12,26,881,,,15,118748,0,0,0,0,942.5,0,0,3,5.9,,0,Mohamed,0.0,29,32,454.4,False,1496.2,0,0,0,0,2905,,,130,0,1,0,118748.jpg,8.4,0,0,Salah,46.3,False,11.0,a,12,14,2109.0,303,0,0,0,0,0.0,0.0,Salah,1
254,3,4,459,,,6,15157,0,0,0,0,615.5,0,0,3,2.7,,0,James,0.0,25,0,132.5,False,437.2,0,0,0,0,1759,,,55,0,0,0,15157.jpg,2.4,0,0,Milner,0.7,False,7.0,a,12,14,272.0,77,0,0,0,0,0.0,0.0,Milner,3
255,0,0,0,,,0,116643,0,0,0,0,0.0,0,0,3,3.0,,0,Fabio Henrique,0.0,0,0,0.0,False,0.0,0,0,0,0,0,,,60,0,0,0,116643.jpg,0.0,0,0,Tavares,2.4,False,,a,12,14,0.0,0,0,0,0,0,0.0,0.0,Fabinho,0
256,0,0,0,,,0,175592,0,0,0,0,0.0,0,0,3,3.6,,0,Naby,0.0,0,0,0.0,False,0.0,0,0,0,0,0,,,75,0,0,0,175592.jpg,0.0,0,0,Keita,5.7,False,8.0,a,12,14,0.0,0,0,0,0,0,0.0,0.0,Keita,0
257,8,29,758,,,16,92217,0,0,0,0,834.5,0,0,4,4.6,,0,Roberto,0.0,32,15,312.7,False,951.0,0,0,0,0,2760,,,95,0,0,0,92217.jpg,4.9,0,0,Firmino,37.7,False,9.0,a,12,14,1341.0,181,0,0,0,0,0.0,0.0,Firmino,1
258,1,0,53,,,3,84939,0,0,0,0,42.0,0,0,4,2.6,,0,Danny,0.0,0,1,24.0,False,57.8,0,0,0,0,262,,,55,0,0,0,84939.jpg,2.3,0,0,Ings,0.3,False,28.0,a,12,14,143.0,18,0,0,0,0,0.0,0.0,Ings,0
259,2,2,107,,,3,154566,0,0,0,0,199.4,0,0,4,2.3,,0,Dominic,0.0,4,1,66.4,False,123.8,0,0,0,0,581,,,50,0,0,0,154566.jpg,1.8,0,0,Solanke,0.5,False,29.0,a,12,14,350.0,38,0,0,0,0,0.0,0.0,Solanke,0
457,0,0,0,,,0,95463,0,0,0,0,0.0,0,0,1,3.0,,0,Danny,0.0,0,0,0.0,False,0.0,0,0,0,0,0,,,45,0,0,0,95463.jpg,0.0,0,0,Ward,0.2,False,52.0,a,12,14,0.0,0,0,0,0,0,0.0,0.0,Ward,0
462,9,19,554,,,6,68312,0,0,0,0,1151.6,0,0,3,3.6,,0,Xherdan,0.0,58,8,255.2,False,718.0,0,0,0,0,3039,,,75,0,1,0,68312.jpg,4.3,0,0,Shaqiri,2.5,False,23.0,a,12,14,676.0,155,0,0,0,0,0.0,0.0,Shaqiri,5
223,13,19,682,,,9,103025,0,0,0,0,924.0,0,0,3,3.7,,0,Riyad,0.0,51,12,282.6,False,966.0,0,0,0,0,2948,,,90,0,0,0,103025.jpg,5.4,0,0,Mahrez,9.2,False,26.0,a,13,43,932.0,195,0,0,0,0,0.0,0.0,Mahrez,2
260,0,10,666,,,16,121160,0,0,0,0,10.0,0,0,1,3.8,,0,Ederson,0.0,26,0,55.6,False,546.2,0,0,0,0,3195,,,55,0,0,2,121160.jpg,4.4,0,58,Santana de Moraes,17.4,False,31.0,a,13,43,0.0,158,0,0,0,0,0.0,0.0,Ederson,1
261,0,1,42,,,1,33148,0,0,0,0,0.0,0,0,1,3.1,,0,Claudio,0.0,1,0,4.5,False,45.2,0,0,0,0,224,,,50,0,0,0,33148.jpg,3.3,0,4,Bravo,0.2,False,1.0,a,13,43,0.0,10,0,0,0,0,0.0,0.0,Bravo,0
262,0,5,334,,,9,97299,0,0,0,0,26.3,0,0,2,3.1,,0,John,0.0,11,0,43.2,False,283.4,0,0,0,0,1301,,,55,0,0,0,97299.jpg,3.9,0,0,Stones,8.1,False,5.0,a,13,43,120.0,70,0,0,0,0,0.0,0.0,Stones,0
263,1,2,326,,,6,17476,0,0,0,0,76.5,0,0,2,3.1,,0,Vincent,0.0,11,1,59.2,False,399.6,0,0,0,0,1394,,,55,0,0,0,17476.jpg,3.5,0,0,Kompany,1.8,False,4.0,a,13,43,116.0,60,0,0,0,0,0.0,0.0,Kompany,6
264,0,21,742,,,15,57410,0,0,0,0,224.6,0,0,2,4.0,,0,Nicolás,0.0,25,4,143.7,False,846.6,0,0,0,0,2966,,,65,1,0,0,57410.jpg,4.6,0,0,Otamendi,9.3,False,30.0,a,13,43,363.0,156,0,0,0,0,0.0,0.0,Otamendi,9
265,6,8,691,,,15,58621,0,0,0,0,511.4,0,0,2,4.0,,0,Kyle,0.0,22,0,117.1,False,542.4,0,0,0,0,2784,,,65,1,0,0,58621.jpg,4.3,1,0,Walker,8.2,False,2.0,a,13,43,117.0,138,0,0,0,0,0.0,0.0,Walker,2
266,2,8,398,,,9,100180,0,0,0,0,158.1,0,0,2,3.1,,0,Danilo Luiz,0.0,11,3,71.1,False,376.0,0,0,0,0,1340,,,55,0,0,0,100180.jpg,4.3,0,0,da Silva,1.1,False,3.0,a,13,43,176.0,100,0,0,0,0,0.0,0.0,Danilo,2
267,1,1,96,,,2,102826,0,0,0,0,139.3,0,0,2,3.6,,0,Benjamin,0.0,1,0,27.2,False,84.2,0,0,0,0,360,,,60,0,0,0,102826.jpg,2.9,0,0,Mendy,5.6,False,22.0,a,13,43,48.0,20,0,0,0,0,0.0,0.0,Mendy,2
268,0,2,204,,,4,146941,0,0,0,0,52.8,0,0,2,3.1,,0,Aymeric,0.0,5,0,25.4,False,165.8,0,0,0,0,806,,,55,0,0,0,146941.jpg,3.9,0,0,Laporte,1.3,False,14.0,a,13,43,34.0,35,0,0,0,0,0.0,0.0,Laporte,1
269,2,0,398,,,6,41823,0,0,0,0,263.7,0,0,2,3.1,,0,Fabian,0.0,17,1,69.4,False,369.2,0,0,0,0,1740,,,55,0,0,0,41823.jpg,2.5,0,0,Delph,0.4,False,18.0,a,13,43,62.0,55,0,0,0,0,0.0,0.0,Delph,2
270,17,19,701,,,13,103955,0,0,0,0,838.2,0,0,3,4.5,,0,Raheem,0.0,23,18,329.7,False,969.8,0,0,0,0,2584,,,110,0,0,0,103955.jpg,6.9,1,0,Sterling,3.5,False,7.0,a,13,43,1488.0,229,0,0,0,0,0.0,0.0,Sterling,3
271,11,26,671,,,14,20664,0,0,0,0,1118.5,0,0,3,3.5,,0,David,0.0,18,9,286.5,False,875.8,0,0,0,0,2431,,,85,0,0,0,20664.jpg,5.8,0,0,Silva,7.5,False,21.0,a,13,43,867.0,169,0,0,0,0,0.0,0.0,David Silva,5
272,4,9,596,,,15,27789,0,0,0,0,511.9,0,0,3,2.2,,0,Fernando,0.0,24,5,172.4,False,800.2,0,0,0,0,2880,,,55,0,0,0,27789.jpg,3.5,0,0,Luiz Rosa,5.7,False,25.0,a,13,43,411.0,120,0,0,0,0,0.0,0.0,Fernandinho,7
273,18,25,872,,,19,61366,0,0,0,0,1744.2,0,0,3,4.1,,0,Kevin,0.0,22,8,368.9,False,1146.6,0,0,0,0,3073,,,100,0,0,0,61366.jpg,5.6,0,0,De Bruyne,27.1,False,17.0,a,13,43,797.0,209,0,0,0,0,0.0,0.0,De Bruyne,2
274,2,9,376,,,6,59859,0,0,0,0,406.4,0,0,3,2.2,,0,Ilkay,0.0,15,4,119.3,False,381.4,0,0,0,0,1504,,,55,0,0,0,59859.jpg,2.7,0,0,Gündogan,1.6,False,8.0,a,13,43,408.0,82,0,0,0,0,0.0,0.0,Gündogan,3
275,15,17,647,,,12,182156,0,0,0,0,891.3,0,0,3,3.9,,0,Leroy,0.0,22,10,274.4,False,842.4,0,0,0,0,2415,,,95,0,0,0,182156.jpg,5.6,0,0,Sané,17.7,False,19.0,a,13,43,1013.0,179,0,0,0,0,0.0,0.0,Sané,4
276,5,8,440,,,9,165809,0,0,0,0,508.7,0,0,3,3.1,,0,Bernardo Mota,0.0,10,6,144.4,False,475.6,0,0,0,0,1514,,,75,0,0,0,165809.jpg,3.2,0,0,Veiga de Carvalho e Silva,0.7,False,20.0,a,13,43,464.0,112,0,0,0,0,0.0,0.0,Bernardo Silva,0
277,1,0,31,,,0,209244,0,0,0,0,32.1,0,0,3,2.0,,0,Phil,0.0,1,0,7.1,False,29.2,0,0,0,0,45,,,50,0,0,0,209244.jpg,1.6,0,0,Foden,0.1,False,47.0,a,13,43,10.0,8,0,0,0,0,0.0,0.0,Foden,0
278,0,0,14,,,0,216183,0,0,0,0,5.6,0,0,3,2.0,,0,Brahim,0.0,1,0,6.6,False,6.8,0,0,0,0,50,,,50,0,0,0,216183.jpg,1.0,0,0,Diaz,0.1,False,55.0,a,13,43,53.0,5,0,0,0,0,0.0,0.0,Diaz,0
279,0,0,104,,,3,206325,0,0,0,0,145.9,0,0,3,2.0,,0,Oleksandr,0.0,3,0,28.3,False,116.4,0,0,0,0,530,,,50,0,0,0,206325.jpg,2.0,0,0,Zinchenko,0.1,False,35.0,a,13,43,21.0,16,0,0,0,0,0.0,0.0,Zinchenko,1
280,6,22,740,,,13,37572,0,0,0,0,570.8,0,0,4,4.9,,0,Sergio,0.0,12,21,302.5,False,966.4,0,0,0,0,1960,,,110,0,0,0,37572.jpg,6.8,0,0,Agüero,11.4,False,10.0,a,13,43,1484.0,169,0,0,0,0,0.0,0.0,Agüero,2
281,7,18,473,,,9,205651,0,0,0,0,360.3,0,0,4,4.7,,0,Gabriel Fernando,0.0,12,13,204.9,False,603.6,0,0,0,0,1660,,,105,0,2,0,205651.jpg,4.3,0,0,de Jesus,3.1,False,33.0,a,13,43,1089.0,126,0,0,0,0,0.0,0.0,Jesus,6
282,0,10,757,,,18,51940,0,0,0,0,10.0,0,0,1,4.5,,0,David,0.0,28,0,83.4,False,821.2,0,0,0,0,3330,,,60,0,0,0,51940.jpg,4.6,0,115,De Gea,32.0,False,1.0,a,14,1,0.0,172,0,0,0,0,0.0,0.0,De Gea,0
283,0,0,26,,,1,42899,0,0,0,0,0.0,0,0,1,3.1,,0,Sergio,0.0,0,0,2.6,False,26.4,0,0,0,0,90,,,50,0,0,0,42899.jpg,7.0,0,3,Romero,0.1,False,20.0,a,14,1,0.0,7,0,0,0,0,0.0,0.0,Romero,0
284,0,9,590,,,11,55909,0,0,0,0,35.3,0,0,2,3.6,,0,Chris,0.0,24,4,101.2,False,743.8,0,0,0,0,2535,,,60,0,0,0,55909.jpg,4.2,0,0,Smalling,5.1,False,12.0,a,14,1,230.0,123,0,0,0,0,0.0,0.0,Smalling,4
285,0,19,554,,,15,76359,0,0,0,0,36.6,0,0,2,3.1,,0,Phil,0.0,11,0,53.6,False,486.4,0,0,0,0,1973,,,55,1,0,0,76359.jpg,5.0,0,0,Jones,4.2,False,4.0,a,14,1,12.0,116,0,0,0,0,0.0,0.0,Jones,2
286,0,4,216,,,7,106760,0,0,0,0,127.0,0,0,2,2.6,,0,Luke,0.0,2,0,41.5,False,142.6,0,0,0,0,787,,,50,0,0,0,106760.jpg,4.4,0,0,Shaw,0.7,False,23.0,a,14,1,144.0,48,0,0,0,0,0.0,0.0,Shaw,2
287,0,4,126,,,3,58893,0,0,0,0,26.0,0,0,2,2.6,,0,Marcos,0.0,8,0,22.5,False,151.4,0,0,0,0,639,,,50,0,0,0,58893.jpg,2.6,0,0,Rojo,0.6,False,5.0,a,14,1,47.0,23,0,0,0,0,0.0,0.0,Rojo,6
288,1,13,660,,,16,20695,0,0,0,0,438.5,0,0,2,4.0,,0,Antonio,0.0,22,3,125.5,False,559.2,0,0,0,0,2741,,,65,0,0,0,20695.jpg,4.7,0,0,Valencia,6.0,False,25.0,a,14,1,259.0,146,0,0,0,0,0.0,0.0,Valencia,7
289,0,3,119,,,3,40002,0,0,0,0,25.3,0,0,2,2.6,,0,Matteo,0.0,3,0,12.6,False,95.0,0,0,0,0,443,,,50,0,0,0,40002.jpg,3.4,0,0,Darmian,0.1,False,36.0,a,14,1,6.0,27,0,0,0,0,0.0,0.0,Darmian,0
290,0,1,119,0.0,,4,58877,0,0,0,0,93.0,0,0,2,0.0,,0,Daley,0.0,0,0,17.3,False,65.8,0,0,0,0,360,Transferred to Ajax,2018-07-18T10:05:48Z,50,0,0,0,58877.jpg,4.0,0,0,Blind,0.2,False,17.0,u,14,1,15.0,28,0,0,0,0,0.0,0.0,Blind,0
291,0,3,248,,,7,197365,0,0,0,0,28.4,0,0,2,3.1,,0,Eric,0.0,6,1,33.0,False,222.0,0,0,0,0,1000,,,55,1,0,0,197365.jpg,4.2,0,0,Bailly,4.6,False,3.0,a,14,1,79.0,55,0,0,0,0,0.0,0.0,Bailly,2
292,0,1,297,,,5,184667,0,0,0,0,37.7,0,0,2,2.6,,0,Victor,0.0,14,0,32.0,False,272.8,0,0,0,0,1284,,,50,0,0,0,184667.jpg,2.8,0,0,Lindelöf,0.7,False,2.0,a,14,1,8.0,47,0,0,0,0,0.0,0.0,Lindelöf,1
293,6,11,479,,,9,18892,0,0,0,0,502.3,0,0,2,3.6,,0,Ashley,0.0,26,2,131.6,False,601.2,0,0,0,0,2444,,,60,0,0,0,18892.jpg,3.3,0,0,Young,5.4,False,18.0,a,14,1,213.0,98,0,0,0,0,0.0,0.0,Young,7
294,0,0,0,,,0,216051,0,0,0,0,0.0,0,0,2,3.1,,0,José Diogo,0.0,0,0,0.0,False,0.0,0,0,0,0,0,,,55,0,0,0,216051.jpg,0.0,0,0,Dalot Teixeira,0.6,False,,a,14,1,0.0,0,0,0,0,0,0.0,0.0,Dalot,0
295,10,13,515,,,11,37265,0,0,0,0,1155.2,0,0,3,4.3,,0,Alexis,0.0,32,9,326.1,False,823.2,0,0,0,0,2546,,,105,0,1,0,37265.jpg,4.9,0,0,Sánchez,6.2,False,7.0,a,14,1,1281.0,152,0,0,0,0,0.0,0.0,Sánchez,5
296,1,3,576,,,16,62398,0,0,0,0,427.9,0,0,3,2.0,,0,Nemanja,0.0,26,1,127.9,False,681.4,0,0,0,0,3117,,,50,0,0,0,62398.jpg,2.5,0,0,Matic,3.6,False,31.0,a,14,1,168.0,91,0,0,0,0,0.0,0.0,Matic,6
297,5,6,418,,,15,43670,0,0,0,0,849.9,0,0,3,2.7,,0,Juan,0.0,10,3,172.1,False,422.8,0,0,0,0,1919,,,65,0,0,0,43670.jpg,3.6,0,0,Mata,0.7,False,8.0,a,14,1,453.0,100,0,0,0,0,0.0,0.0,Mata,1
298,0,3,171,,,4,41184,0,0,0,0,88.2,0,0,3,2.0,,0,Marouane,0.0,1,4,59.8,False,246.0,0,0,0,0,611,,,50,0,0,0,41184.jpg,2.9,0,0,Fellaini,1.0,False,27.0,a,14,1,264.0,47,0,0,0,0,0.0,0.0,Fellaini,1
299,2,0,229,,,5,59846,0,0,0,0,229.4,0,0,3,2.0,,0,Ander,0.0,14,0,62.7,False,294.4,0,0,0,0,1257,,,50,0,0,0,59846.jpg,1.7,0,0,Herrera,0.3,False,21.0,a,14,1,101.0,44,0,0,0,0,0.0,0.0,Herrera,5
300,6,10,450,,,9,109322,0,0,0,0,519.1,0,0,3,2.9,,0,Jesse,0.0,18,8,175.3,False,526.6,0,0,0,0,1807,,,70,0,0,0,109322.jpg,3.9,0,0,Lingard,17.0,False,14.0,a,14,1,711.0,128,0,0,0,0,0.0,0.0,Lingard,2
301,6,7,403,,,9,148225,0,0,0,0,509.3,0,0,3,3.1,,0,Anthony,0.0,13,9,179.5,False,535.4,0,0,0,0,1572,,,75,0,0,0,148225.jpg,4.2,0,0,Martial,1.4,False,11.0,a,14,1,748.0,125,0,0,0,0,0.0,0.0,Martial,1
302,13,15,528,,,11,74208,0,0,0,0,663.5,0,0,3,3.3,,0,Paul,0.0,20,6,215.6,False,710.8,0,0,0,0,2145,,,80,0,0,0,74208.jpg,5.1,1,0,Pogba,13.4,False,6.0,a,14,1,780.0,138,0,0,0,0,0.0,0.0,Pogba,5
303,0,0,96,,,4,195851,0,0,0,0,53.6,0,0,3,1.8,,0,Scott,0.0,3,0,14.2,False,78.2,0,0,0,0,629,,,45,0,0,0,195851.jpg,1.6,0,0,McTominay,0.6,False,39.0,a,14,1,11.0,21,0,0,0,0,0.0,0.0,McTominay,2
304,0,0,0,,,0,101582,0,0,0,0,0.0,0,0,3,2.5,,0,Frederico,0.0,0,0,0.0,False,0.0,0,0,0,0,0,,,60,0,0,0,101582.jpg,0.0,0,0,Rodrigues de Paula Santos,3.8,False,,a,14,1,0.0,0,0,0,0,0,0.0,0.0,Fred,0
305,5,11,387,,,10,176297,0,0,0,0,412.1,0,0,4,2.8,,0,Marcus,0.0,16,7,171.7,False,470.8,0,0,0,0,1799,,,70,0,0,0,176297.jpg,3.0,0,0,Rashford,7.3,False,19.0,a,14,1,838.0,104,0,0,0,0,0.0,0.0,Rashford,3
306,7,18,593,,,14,66749,0,0,0,0,572.4,0,0,4,4.9,,0,Romelu,0.0,26,16,273.2,False,831.0,0,0,0,0,2866,,,110,0,1,0,66749.jpg,4.8,0,0,Lukaku,16.7,False,9.0,a,14,1,1334.0,162,0,0,0,0,0.0,0.0,Lukaku,4
307,0,4,280,,,3,19838,0,0,0,0,0.0,0,0,1,1.0,,0,Robert,0.0,21,0,36.5,False,364.2,0,0,0,0,1440,,,45,0,0,1,19838.jpg,3.6,0,44,Elliot,0.5,False,1.0,a,15,4,0.0,57,0,0,0,0,0.0,0.0,Elliot,0
308,0,2,172,,,2,59735,0,0,0,0,0.0,0,0,1,1.0,,0,Karl,0.0,15,0,25.9,False,258.8,0,0,0,0,900,,,45,1,0,0,59735.jpg,3.3,0,35,Darlow,0.1,False,26.0,a,15,4,0.0,33,0,0,0,0,0.0,0.0,Darlow,0
309,0,5,215,,,4,67089,0,0,0,0,0.0,0,0,1,1.6,,0,Martin,0.0,11,0,23.3,False,234.6,0,0,0,0,1080,,,50,0,0,1,67089.jpg,4.4,0,26,Dubravka,0.9,False,12.0,a,15,4,0.0,53,0,0,0,0,0.0,0.0,Dubravka,0
310,2,5,467,,,7,151119,0,0,0,0,340.7,0,0,2,0.7,,0,DeAndre,0.0,37,0,90.0,False,494.4,0,0,0,0,2842,,,45,1,0,0,151119.jpg,2.6,0,0,Yedlin,1.8,False,22.0,a,15,4,63.0,88,0,0,0,0,0.0,0.0,Yedlin,5
311,1,6,317,75.0,,4,58845,0,0,0,0,50.8,0,0,2,0.5,,0,Ciaran,0.0,30,2,67.5,False,433.6,0,0,0,0,1745,Knee injury - 75% chance of playing,2018-07-05T14:31:07Z,45,0,0,0,58845.jpg,3.2,0,0,Clark,0.0,False,2.0,d,15,4,190.0,64,0,0,0,0,0.0,0.0,Clark,3
312,0,9,567,,,9,101148,0,0,0,0,77.2,0,0,2,1.1,,0,Jamaal,0.0,31,3,111.5,False,800.0,0,0,0,0,2927,,,50,0,0,0,101148.jpg,3.5,0,0,Lascelles,8.5,False,6.0,a,15,4,234.0,116,0,0,0,0,0.0,0.0,Lascelles,5
313,0,0,280,,,5,106618,0,0,0,0,97.8,0,0,2,0.7,,0,Paul,0.0,18,0,49.0,False,333.6,0,0,0,0,1602,,,45,0,0,0,106618.jpg,2.6,0,0,Dummett,0.2,False,3.0,a,15,4,58.0,52,0,0,0,0,0.0,0.0,Dummett,1
314,2,6,406,,,5,77359,0,0,0,0,92.3,0,0,2,0.7,,0,Florian,0.0,32,0,78.9,False,557.0,0,0,0,0,2103,,,45,0,0,0,77359.jpg,2.8,0,0,Lejeune,0.4,False,20.0,a,15,4,139.0,66,0,0,0,0,0.0,0.0,Lejeune,3
315,1,1,247,,,4,109528,0,0,0,0,164.8,0,0,2,0.7,,0,Javier,0.0,31,0,45.9,False,266.0,0,0,0,0,1757,,,45,0,0,0,109528.jpg,2.3,0,0,Manquillo,0.2,False,19.0,a,15,4,26.0,49,0,0,0,0,0.0,0.0,Manquillo,2
316,0,3,133,,,1,149736,0,0,0,0,67.1,0,0,2,0.2,,0,Chancel,0.0,11,0,23.2,False,158.2,0,0,0,0,670,,,40,0,0,0,149736.jpg,2.2,0,0,Mbemba,3.3,False,18.0,a,15,4,6.0,20,0,0,0,0,0.0,0.0,Mbemba,0
317,7,10,489,,,9,56983,0,0,0,0,844.4,0,0,3,1.0,,0,Matt,0.0,35,3,192.6,False,561.2,0,0,0,0,2802,,,60,0,0,0,56983.jpg,3.3,0,0,Ritchie,1.1,False,11.0,a,15,4,520.0,116,0,0,0,0,0.0,0.0,Ritchie,6
318,4,4,360,,,6,50232,0,0,0,0,639.9,0,0,3,0.7,,0,Jonjo,0.0,30,1,132.3,False,442.6,0,0,0,0,2264,,,55,0,0,0,50232.jpg,2.4,2,0,Shelvey,1.0,False,8.0,a,15,4,243.0,73,0,0,0,0,0.0,0.0,Shelvey,2
319,0,3,340,,,6,28147,0,0,0,0,214.2,0,0,3,0.5,,0,Mohamed,0.0,27,2,85.3,False,431.8,0,0,0,0,2034,,,50,0,0,0,28147.jpg,2.3,0,0,Diamé,0.1,False,10.0,a,15,4,203.0,70,0,0,0,0,0.0,0.0,Diamé,3
320,4,5,236,75.0,,6,104953,0,0,0,0,340.6,0,0,3,0.6,,0,Christian,0.0,22,2,112.9,False,308.8,0,0,0,0,1776,Knock - 75% chance of playing,2018-07-05T14:31:07Z,55,0,0,0,104953.jpg,2.8,0,0,Atsu,0.0,False,30.0,d,15,4,480.0,78,0,0,0,0,0.0,0.0,Atsu,1
321,2,2,171,,,2,114243,0,0,0,0,159.7,0,0,3,0.5,,0,Jacob,0.0,25,1,54.7,False,161.8,0,0,0,0,1137,,,50,0,0,0,114243.jpg,2.0,0,0,Murphy,0.1,False,7.0,a,15,4,227.0,51,0,0,0,0,0.0,0.0,Murphy,0
322,1,4,271,0.0,,3,195384,0,0,0,0,236.7,0,0,3,0.0,,0,Mikel,0.0,18,1,76.9,False,374.8,0,0,0,0,1337,Transferred to  Real Sociedad,2018-07-13T08:33:32Z,50,0,0,0,195384.jpg,2.0,0,0,Merino,0.0,False,23.0,u,15,4,156.0,49,0,0,0,0,0.0,0.0,Merino,4
323,0,0,171,,,3,153127,0,0,0,0,164.7,0,0,3,0.3,,0,Isaac,0.0,25,1,58.2,False,273.6,0,0,0,0,1365,,,45,0,0,0,153127.jpg,1.6,0,0,Hayden,0.2,False,14.0,a,15,4,144.0,41,0,0,0,0,0.0,0.0,Hayden,7
324,2,9,340,,,5,76542,0,0,0,0,338.1,0,0,3,0.5,,0,Sung-yueng,0.0,29,2,79.7,False,307.2,0,0,0,0,1865,,,50,0,0,0,76542.jpg,2.9,0,0,Ki,0.5,False,,a,15,4,152.0,73,0,0,0,0,0.0,0.0,Ki Sung-yueng,2
325,3,8,276,,,6,104547,0,0,0,0,333.6,0,0,4,0.8,,0,Dwight,0.0,31,6,148.7,False,352.0,0,0,0,0,1946,,,60,0,0,0,104547.jpg,2.7,0,0,Gayle,0.8,False,9.0,a,15,4,808.0,94,0,0,0,0,0.0,0.0,Gayle,3
326,6,15,420,,,8,168580,0,0,0,0,539.0,0,0,4,1.0,,0,Ayoze,0.0,28,8,191.7,False,571.8,0,0,0,0,2486,,,65,1,0,0,168580.jpg,3.4,0,0,Pérez,4.0,False,17.0,a,15,4,809.0,124,0,0,0,0,0.0,0.0,Pérez,3
327,1,5,227,,,5,61316,0,0,0,0,254.8,0,0,4,0.3,,0,Jose Luis,0.0,25,4,106.5,False,291.2,0,0,0,0,1703,,,50,0,1,0,61316.jpg,2.3,0,0,Mato Sanmartín,2.2,False,21.0,a,15,4,526.0,69,0,0,0,0,0.0,0.0,Joselu,2
458,2,5,171,,,6,167767,0,0,0,0,224.1,0,0,3,0.5,,0,Robert Kenedy,0.0,9,2,71.4,False,236.4,0,0,0,0,1023,,,50,0,0,0,167767.jpg,3.9,0,0,Nunes do Nascimento,3.3,False,,a,15,4,253.0,51,0,0,0,0,0.0,0.0,Kenedy,1
328,0,3,278,,,4,58376,0,0,0,0,0.0,0,0,1,1.5,,0,Alex,0.0,26,0,28.1,False,280.8,0,0,0,0,1620,,,45,0,0,0,58376.jpg,2.9,0,42,McCarthy,1.3,False,1.0,a,16,20,0.0,52,0,0,0,0,0.0,0.0,McCarthy,2
329,0,6,351,,,4,40383,0,0,0,0,0.0,0,0,1,1.5,,0,Fraser,0.0,30,0,48.9,False,488.2,0,0,0,0,1800,,,45,0,0,1,40383.jpg,3.6,0,69,Forster,1.6,False,44.0,a,16,20,0.0,73,0,0,0,0,0.0,0.0,Forster,0
330,5,4,553,,,8,40146,0,0,0,0,589.1,0,0,2,1.6,,0,Ryan,0.0,49,0,139.3,False,515.2,0,0,0,0,3135,,,50,0,0,0,40146.jpg,2.9,0,0,Bertrand,4.7,False,21.0,a,16,20,286.0,103,0,0,0,0,0.0,0.0,Bertrand,2
331,1,6,413,,,6,80447,0,0,0,0,67.0,0,0,2,1.2,,0,Maya,0.0,32,2,83.0,False,525.2,0,0,0,0,2049,,,45,0,0,0,80447.jpg,3.2,1,0,Yoshida,1.7,False,3.0,a,16,20,236.0,76,0,0,0,0,0.0,0.0,Yoshida,2
332,3,2,481,,,7,58822,0,0,0,0,455.6,0,0,2,1.2,,0,Cédric,0.0,44,0,112.3,False,507.0,0,0,0,0,2794,,,45,0,0,0,58822.jpg,2.7,0,0,Soares,16.0,False,2.0,a,16,20,159.0,85,0,0,0,0,0.0,0.0,Cédric,3
333,0,2,360,,,5,88900,0,0,0,0,68.3,0,0,2,1.2,,0,Jack,0.0,33,2,79.9,False,506.6,0,0,0,0,1980,,,45,0,0,0,88900.jpg,2.6,1,0,Stephens,0.3,False,5.0,a,16,20,224.0,58,0,0,0,0,0.0,0.0,Stephens,6
334,0,2,49,,,1,153373,0,0,0,0,34.2,0,0,2,0.7,,0,Sam,0.0,2,0,7.2,False,29.4,0,0,0,0,142,,,40,0,0,0,153373.jpg,2.0,0,0,McQueen,0.8,False,38.0,a,16,20,8.0,14,0,0,0,0,0.0,0.0,McQueen,0
335,0,0,88,,,2,171771,0,0,0,0,1.9,0,0,2,0.7,,0,Jan,0.0,5,1,13.1,False,110.0,0,0,0,0,427,,,40,0,0,0,171771.jpg,4.4,0,0,Bednarek,7.5,False,35.0,a,16,20,19.0,22,0,0,0,0,0.0,0.0,Bednarek,1
336,2,11,532,,,5,167075,0,0,0,0,130.9,0,0,2,1.2,,0,Wesley,0.0,42,0,93.8,False,661.6,0,0,0,0,2520,,,45,0,0,0,167075.jpg,2.6,0,0,Hoedt,0.3,False,6.0,a,16,20,146.0,74,0,0,0,0,0.0,0.0,Hoedt,7
337,2,6,337,,,4,17339,0,0,0,0,350.8,0,0,3,1.0,,0,Steven,0.0,21,3,82.5,False,345.2,0,0,0,0,1515,,,50,0,0,0,17339.jpg,3.1,0,0,Davis,0.2,False,8.0,a,16,20,126.0,71,0,0,0,0,0.0,0.0,Davis,0
338,5,8,367,,,2,101178,0,0,0,0,613.9,0,0,3,1.2,,0,James,0.0,29,3,127.1,False,363.4,0,0,0,0,1708,,,55,0,0,0,101178.jpg,2.8,0,0,Ward-Prowse,0.7,False,16.0,a,16,20,296.0,84,0,0,0,0,0.0,0.0,Ward-Prowse,3
339,0,0,474,,,8,78056,0,0,0,0,338.7,0,0,3,0.8,,0,Oriol,0.0,47,1,118.7,False,616.2,0,0,0,0,2897,,,45,0,0,0,78056.jpg,2.0,0,0,Romeu Vidal,2.6,False,14.0,a,16,20,231.0,68,0,0,0,0,0.0,0.0,Oriol Romeu,11
340,0,0,261,,,3,132015,0,0,0,0,258.4,0,0,3,0.8,,0,Pierre-Emile,0.0,30,0,67.6,False,266.6,0,0,0,0,1666,,,45,0,0,0,132015.jpg,1.7,0,0,Højbjerg,0.5,False,23.0,a,16,20,148.0,39,0,0,0,0,0.0,0.0,Højbjerg,6
341,2,2,215,,,1,128198,0,0,0,0,351.6,0,0,3,1.2,,0,Sofiane,0.0,24,2,103.7,False,289.4,0,0,0,0,1206,,,55,0,0,0,128198.jpg,2.1,0,0,Boufal,0.2,False,19.0,a,16,20,397.0,55,0,0,0,0,0.0,0.0,Boufal,1
342,0,0,18,,,1,153379,0,0,0,0,43.5,0,0,3,0.8,,0,Joshua,0.0,2,0,22.5,False,32.6,0,0,0,0,160,,,45,0,0,0,153379.jpg,1.3,0,0,Sims,0.1,False,39.0,a,16,20,149.0,8,0,0,0,0,0.0,0.0,Sims,0
343,3,3,296,,,7,83283,0,0,0,0,630.9,0,0,3,1.2,,0,Nathan,0.0,31,1,147.2,False,347.0,0,0,0,0,1938,,,55,0,0,0,83283.jpg,2.3,0,0,Redmond,0.7,False,22.0,a,16,20,493.0,72,0,0,0,0,0.0,0.0,Redmond,3
344,1,5,337,,,4,151086,0,0,0,0,170.6,0,0,3,1.0,,0,Mario,0.0,31,1,67.8,False,363.6,0,0,0,0,1715,,,50,0,0,0,151086.jpg,2.3,0,0,Lemina,0.2,False,18.0,a,16,20,145.0,58,0,0,0,0,0.0,0.0,Lemina,2
345,0,0,0,,,0,91047,0,0,0,0,0.0,0,0,3,1.2,,0,Stuart,0.0,0,0,0.0,False,0.0,0,0,0,0,0,,,55,0,0,0,91047.jpg,0.0,0,0,Armstrong,0.3,False,17.0,a,16,20,0.0,0,0,0,0,0,0.0,0.0,Armstrong,0
346,0,0,0,,,0,96787,0,0,0,0,0.0,0,0,3,1.7,,0,Mohamed,0.0,0,0,0.0,False,0.0,0,0,0,0,0,,,65,0,0,0,96787.jpg,0.0,0,0,Elyounoussi,1.0,False,11.0,a,16,20,0.0,0,0,0,0,0,0.0,0.0,Elyounoussi,0
347,2,0,167,,,4,20452,0,0,0,0,301.9,0,0,4,0.8,,0,Shane,0.0,28,2,104.6,False,235.6,0,0,0,0,1570,,,50,0,0,0,20452.jpg,1.8,0,0,Long,1.6,False,7.0,a,16,20,512.0,53,0,0,0,0,0.0,0.0,Long,6
348,1,9,215,,,4,78356,0,0,0,0,89.4,0,0,4,1.3,,0,Charlie,0.0,15,7,107.7,False,302.8,0,0,0,0,1024,,,60,0,0,0,78356.jpg,3.0,0,0,Austin,2.9,False,10.0,a,16,20,689.0,72,0,0,0,0,0.0,0.0,Austin,2
349,0,10,204,,,4,61548,0,0,0,0,133.9,0,0,4,1.3,,0,Manolo,0.0,17,5,58.6,False,203.0,0,0,0,0,1067,,,60,0,0,0,61548.jpg,2.4,0,0,Gabbiadini,0.4,False,20.0,a,16,20,269.0,66,0,0,0,0,0.0,0.0,Gabbiadini,2
350,1,0,40,0.0,,1,98914,0,0,0,0,64.2,0,0,4,0.0,,0,Guido,0.0,8,0,29.4,False,50.2,0,0,0,0,449,Season-long loan to Leganes,2018-07-10T10:08:52Z,55,0,0,0,98914.jpg,2.1,0,0,Carrillo,0.1,False,9.0,u,16,20,179.0,15,0,0,0,0,0.0,0.0,Carrillo,0
452,0,0,0,,,0,107265,0,0,0,0,0.0,0,0,1,1.5,,0,Angus,0.0,0,0,0.0,False,0.0,0,0,0,0,0,,,45,0,0,0,107265.jpg,0.0,0,0,Gunn,0.4,False,,a,16,20,0.0,0,0,0,0,0,0.0,0.0,Gunn,0
463,0,0,0,,,0,93100,0,0,0,0,0.0,0,0,2,1.6,,0,Jannik,0.0,0,0,0.0,False,0.0,0,0,0,0,0,,,50,0,0,0,93100.jpg,0.0,0,0,Vestergaard,0.3,False,,a,16,20,0.0,0,0,0,0,0,0.0,0.0,Vestergaard,0
351,0,6,694,,,15,37915,0,0,0,0,0.1,0,0,1,4.3,,0,Hugo,0.0,35,0,72.3,False,726.4,0,0,0,0,3240,,,55,0,0,0,37915.jpg,4.0,0,87,Lloris,9.1,False,1.0,a,17,6,0.0,144,0,0,0,0,0.0,0.0,Lloris,1
352,0,0,17,,,0,39215,0,0,0,0,0.0,0,0,1,3.6,,0,Michel,0.0,1,0,1.9,False,19.0,0,0,0,0,90,,,50,0,0,0,39215.jpg,3.0,0,4,Vorm,0.1,False,13.0,a,17,6,0.0,3,0,0,0,0,0.0,0.0,Vorm,0
353,0,3,247,,,5,55605,0,0,0,0,67.8,0,0,2,4.1,,0,Toby,0.0,13,0,36.8,False,249.2,0,0,0,0,1177,,,60,0,0,0,55605.jpg,3.1,0,0,Alderweireld,3.7,False,4.0,a,17,6,50.0,43,0,0,0,0,0.0,0.0,Alderweireld,3
354,2,0,136,,,2,38290,0,0,0,0,181.6,0,0,2,4.1,,0,Danny,0.0,14,0,45.9,False,159.4,0,0,0,0,800,,,60,0,0,0,38290.jpg,2.4,0,0,Rose,2.4,False,3.0,a,17,6,117.0,24,0,0,0,0,0.0,0.0,Rose,4
355,1,13,778,,,16,39194,0,0,0,0,205.7,0,0,2,4.1,,0,Jan,0.0,31,0,122.7,False,774.4,0,0,0,0,3203,,,60,0,0,0,39194.jpg,3.8,0,0,Vertonghen,8.5,False,5.0,a,17,6,243.0,138,0,0,0,0,0.0,0.0,Vertonghen,4
356,7,14,615,,,12,115556,0,0,0,0,698.8,0,0,2,4.1,,0,Ben,0.0,20,2,151.0,False,610.0,0,0,0,0,2323,,,60,0,0,0,115556.jpg,4.9,0,0,Davies,8.4,False,33.0,a,17,6,201.0,143,0,0,0,0,0.0,0.0,Davies,3
357,7,18,539,,,9,77794,0,0,0,0,617.5,0,0,2,4.1,,0,Kieran,0.0,21,0,115.6,False,459.0,0,0,0,0,1912,,,60,0,0,0,77794.jpg,4.7,0,0,Trippier,24.1,False,2.0,a,17,6,78.0,113,0,0,0,0,0.0,0.0,Trippier,1
358,2,0,73,,,1,158534,0,0,0,0,48.3,0,0,2,2.7,,0,Kyle,0.0,4,0,12.9,False,70.4,0,0,0,0,188,,,45,0,0,0,158534.jpg,4.3,0,0,Walker-Peters,0.3,False,37.0,a,17,6,10.0,13,0,0,0,0,0.0,0.0,Walker-Peters,0
359,0,8,597,,,13,173904,0,0,0,0,74.8,0,0,2,4.1,,0,Davinson,0.0,21,0,76.2,False,598.0,0,0,0,0,2532,,,60,1,0,0,173904.jpg,3.5,1,0,Sánchez,3.2,False,6.0,a,17,6,89.0,107,0,0,0,0,0.0,0.0,Sánchez,1
360,2,9,335,,,6,80226,0,0,0,0,236.5,0,0,2,4.1,,0,Serge,0.0,13,2,81.4,False,367.2,0,0,0,0,1427,,,60,0,0,0,80226.jpg,4.5,1,0,Aurier,2.1,False,24.0,a,17,6,209.0,77,0,0,0,0,0.0,0.0,Aurier,1
361,2,2,477,,,15,93264,0,0,0,0,293.4,0,0,3,2.5,,0,Eric,0.0,30,0,118.6,False,604.2,0,0,0,0,2822,,,50,0,0,0,93264.jpg,2.5,0,0,Dier,1.8,False,15.0,a,17,6,289.0,85,0,0,0,0,0.0,0.0,Dier,4
362,0,3,358,,,7,39104,0,0,0,0,303.1,0,0,3,2.5,,0,Mousa,0.0,22,0,68.5,False,309.2,0,0,0,0,1875,,,50,0,0,0,39104.jpg,1.9,0,0,Dembélé,1.1,False,19.0,a,17,6,73.0,52,0,0,0,0,0.0,0.0,Dembélé,6
363,4,1,186,,,4,62974,0,0,0,0,283.1,0,0,3,3.2,,0,Erik,0.0,12,2,84.7,False,204.8,0,0,0,0,826,,,65,0,0,0,62974.jpg,2.2,0,0,Lamela,0.6,False,11.0,a,17,6,364.0,55,0,0,0,0,0.0,0.0,Lamela,4
364,10,23,826,,,17,80607,0,0,0,0,1487.0,0,0,3,4.4,,0,Christian,0.0,33,11,358.2,False,1072.6,0,0,0,0,3218,,,95,0,0,0,80607.jpg,5.4,0,0,Eriksen,16.5,False,23.0,a,17,6,1021.0,199,0,0,0,0,0.0,0.0,Eriksen,0
365,13,12,565,,,16,108823,0,0,0,0,878.5,0,0,3,4.2,,0,Bamidele,0.0,28,9,258.8,False,775.2,0,0,0,0,2957,,,90,0,0,0,108823.jpg,4.9,0,0,Alli,3.7,False,20.0,a,17,6,934.0,175,0,0,0,0,0.0,0.0,Alli,7
366,0,1,174,,,2,54756,0,0,0,0,96.8,0,0,3,2.5,,0,Victor,0.0,11,1,37.8,False,206.0,0,0,0,0,837,,,50,0,0,0,54756.jpg,1.8,0,0,Wanyama,0.2,False,12.0,a,17,6,77.0,32,0,0,0,0,0.0,0.0,Wanyama,2
367,8,16,544,,,14,85971,0,0,0,0,588.2,0,0,3,4.0,,0,Heung-Min,0.0,18,12,249.1,False,725.8,0,0,0,0,2292,,,85,0,0,0,85971.jpg,4.8,0,0,Son,8.6,False,7.0,a,17,6,1177.0,178,0,0,0,0,0.0,0.0,Son,0
368,1,0,167,75.0,,4,157668,0,0,0,0,172.2,0,0,3,2.1,,0,Harry,0.0,9,0,33.1,False,144.4,0,0,0,0,768,Ankle injury - 75% chance of playing,2018-07-05T14:31:07Z,55,0,0,0,157668.jpg,1.9,0,0,Winks,0.0,False,29.0,d,17,6,14.0,31,0,0,0,0,0.0,0.0,Winks,0
369,1,0,246,,,7,45268,0,0,0,0,384.7,0,0,3,2.5,,0,Moussa,0.0,18,1,91.1,False,245.8,0,0,0,0,1385,,,50,0,0,0,45268.jpg,1.8,0,0,Sissoko,0.2,False,17.0,a,17,6,281.0,58,0,0,0,0,0.0,0.0,Sissoko,3
370,1,0,36,,,0,95715,0,0,0,0,83.2,0,0,3,3.4,,0,Lucas,0.0,6,0,17.5,False,49.0,0,0,0,0,206,,,70,0,0,0,95715.jpg,1.8,0,0,Rodrigues Moura da Silva,2.1,False,27.0,a,17,6,41.0,11,0,0,0,0,0.0,0.0,Lucas Moura,0
371,0,2,70,,,1,19760,0,0,0,0,66.7,0,0,4,2.8,,0,Fernando,0.0,2,1,22.6,False,60.2,0,0,0,0,224,,,60,0,0,0,19760.jpg,1.4,0,0,Llorente,0.3,False,18.0,a,17,6,99.0,22,0,0,0,0,0.0,0.0,Llorente,1
372,2,31,781,,,15,78830,0,0,0,0,502.1,0,0,4,6.2,,0,Harry,0.0,34,29,407.4,False,1214.4,0,0,0,0,3074,,,125,0,1,0,78830.jpg,5.9,0,0,Kane,34.0,False,10.0,a,17,6,2355.0,217,0,0,0,0,0.0,0.0,Kane,5
373,0,4,394,,,5,18656,0,0,0,0,0.2,0,0,1,2.0,,0,Heurelho,0.0,40,0,45.6,False,457.0,0,0,0,0,2128,,,45,0,0,0,18656.jpg,2.7,0,61,Gomes,0.5,False,1.0,a,18,57,0.0,64,0,0,0,0,0.0,0.0,Gomes,0
374,0,0,0,,,0,206882,0,0,0,0,0.0,0,0,1,2.0,,0,Pontus,0.0,0,0,0.0,False,0.0,0,0,0,0,0,,,45,0,0,0,206882.jpg,0.0,0,0,Dahlberg,0.1,False,,a,18,57,0.0,0,0,0,0,0,0.0,0.0,Dahlberg,0
375,0,0,35,,,1,37742,0,0,0,0,0.9,0,0,2,1.7,,0,Younes,0.0,3,0,5.0,False,47.4,0,0,0,0,151,,,45,0,0,0,37742.jpg,3.5,0,0,Kaboul,0.2,False,4.0,a,18,57,2.0,7,0,0,0,0,0.0,0.0,Kaboul,0
376,0,0,90,,,1,41338,0,0,0,0,2.0,0,0,2,1.7,,0,Craig,0.0,6,0,14.6,False,120.0,0,0,0,0,495,,,45,0,0,0,41338.jpg,2.0,0,0,Cathcart,0.1,False,15.0,a,18,57,23.0,14,0,0,0,0,0.0,0.0,Cathcart,1
377,0,0,267,,,5,41945,0,0,0,0,25.9,0,0,2,1.7,,0,Sebastian,0.0,29,0,39.3,False,276.4,0,0,0,0,1566,,,45,0,0,0,41945.jpg,2.0,0,0,Prödl,0.2,False,5.0,a,18,57,89.0,42,0,0,0,0,0.0,0.0,Prödl,5
378,4,6,412,,,6,40868,0,0,0,0,632.8,0,0,2,1.7,,0,José,0.0,47,0,127.0,False,510.0,0,0,0,0,2381,,,45,0,0,0,40868.jpg,2.6,0,0,Holebas,1.8,False,25.0,a,18,57,125.0,72,0,0,0,0,0.0,0.0,Holebas,7
379,0,0,149,,,2,52153,0,0,0,0,42.7,0,0,2,1.7,,0,Miguel,0.0,16,1,27.3,False,180.4,0,0,0,0,795,,,45,0,0,0,52153.jpg,1.8,1,0,Britos,0.1,False,3.0,a,18,57,51.0,22,0,0,0,0,0.0,0.0,Britos,3
380,0,2,407,,,6,85624,0,0,0,0,52.0,0,0,2,1.7,,0,Christian,0.0,43,2,83.7,False,645.0,0,0,0,0,2329,,,45,1,0,0,85624.jpg,2.4,0,0,Kabasele,0.4,False,27.0,a,18,57,137.0,68,0,0,0,0,0.0,0.0,Kabasele,5
381,1,3,342,,,2,52940,0,0,0,0,230.6,0,0,2,2.1,,0,Daryl,0.0,37,3,92.9,False,445.0,0,0,0,0,1818,,,50,0,0,0,52940.jpg,2.6,0,0,Janmaat,0.4,False,2.0,a,18,57,253.0,59,0,0,0,0,0.0,0.0,Janmaat,3
382,0,2,378,,,6,20145,0,0,0,0,59.4,0,0,2,1.7,,0,Adrian,0.0,43,0,62.8,False,462.0,0,0,0,0,2206,,,45,0,0,0,20145.jpg,2.1,0,0,Mariappa,0.3,False,6.0,a,18,57,106.0,58,0,0,0,0,0.0,0.0,Mariappa,4
383,1,9,389,,,5,54484,0,0,0,0,302.8,0,0,2,1.7,,0,Francisco,0.0,34,1,74.5,False,327.2,0,0,0,0,1709,,,45,0,0,0,54484.jpg,2.8,0,0,Femenía Far,1.0,False,21.0,a,18,57,113.0,65,0,0,0,0,0.0,0.0,Kiko Femenía,2
384,2,5,186,,,2,66247,0,0,0,0,142.1,0,0,2,1.7,,0,Marvin,0.0,18,0,35.2,False,185.2,0,0,0,0,993,,,45,0,0,0,66247.jpg,2.3,1,0,Zeegelaar,0.1,False,22.0,a,18,57,24.0,28,0,0,0,0,0.0,0.0,Zeegelaar,4
385,0,0,0,,,0,220166,0,0,0,0,0.0,0,0,2,1.7,,0,Marc,0.0,0,0,0.0,False,0.0,0,0,0,0,0,,,45,0,0,0,220166.jpg,0.0,0,0,Navarro,0.1,False,,a,18,57,0.0,0,0,0,0,0,0.0,0.0,Navarro,0
386,0,0,0,,,0,155651,0,0,0,0,0.0,0,0,2,1.7,,0,Adam,0.0,0,0,0.0,False,0.0,0,0,0,0,0,,,45,0,0,0,155651.jpg,0.0,0,0,Masina,0.2,False,,a,18,57,0.0,0,0,0,0,0,0.0,0.0,Masina,0
387,0,0,40,,,3,89085,0,0,0,0,26.5,0,0,3,1.3,,0,Nathaniel,0.0,7,0,20.0,False,78.8,0,0,0,0,447,,,45,0,0,0,89085.jpg,2.2,0,0,Chalobah,0.9,False,14.0,a,18,57,95.0,13,0,0,0,0,0.0,0.0,Chalobah,1
388,2,3,300,75.0,,6,43250,0,0,0,0,464.8,0,0,3,1.1,,0,Tom,0.0,33,1,92.1,False,332.2,0,0,0,0,1900,Hamstring injury - 75% chance of playing,2018-07-05T14:31:07Z,50,0,1,0,43250.jpg,2.5,1,0,Cleverley,0.0,False,8.0,d,18,57,124.0,58,0,0,0,0,0.0,0.0,Cleverley,1
389,1,0,262,,,4,38439,0,0,0,0,165.9,0,0,3,1.5,,0,Etienne,0.0,29,1,59.7,False,280.2,0,0,0,0,1537,,,50,0,0,0,38439.jpg,2.1,0,0,Capoue,0.3,False,29.0,a,18,57,150.0,48,0,0,0,0,0.0,0.0,Capoue,3
390,4,16,679,,,9,121599,0,0,0,0,595.8,0,0,3,2.0,,0,Abdoulaye,0.0,63,7,199.7,False,859.0,0,0,0,0,3324,,,60,0,0,0,121599.jpg,3.7,0,0,Doucouré,6.5,False,16.0,a,18,57,537.0,136,0,0,0,0,0.0,0.0,Doucouré,10
391,3,5,299,,,1,61566,0,0,0,0,370.6,0,0,3,2.0,,0,Roberto,0.0,34,5,118.8,False,346.0,0,0,0,0,1610,,,60,0,0,0,61566.jpg,2.5,0,0,Pereyra,0.4,False,37.0,a,18,57,472.0,81,0,0,0,0,0.0,0.0,Pereyra,3
392,3,5,190,,,4,108413,0,0,0,0,267.0,0,0,3,1.5,,0,Will,0.0,16,2,64.3,False,238.6,0,0,0,0,987,,,50,0,0,0,108413.jpg,3.5,0,0,Hughes,0.5,False,19.0,a,18,57,136.0,53,0,0,0,0,0.0,0.0,Hughes,0
393,8,4,304,,,8,212319,0,0,0,0,384.7,0,0,3,2.2,,0,Richarlison,0.0,54,5,209.3,False,497.0,0,0,0,0,2817,,,65,0,0,0,212319.jpg,3.3,0,0,de Andrade,3.5,False,11.0,a,18,57,1217.0,125,0,0,0,0,0.0,0.0,Richarlison,4
394,1,3,87,,,2,94924,0,0,0,0,141.3,0,0,3,1.7,,0,Gerard,0.0,3,1,35.8,False,92.4,0,0,0,0,433,,,55,0,0,0,94924.jpg,3.6,0,0,Deulofeu,4.5,False,7.0,a,18,57,124.0,25,0,0,0,0,0.0,0.0,Deulofeu,0
395,3,4,237,,,5,73426,0,0,0,0,254.0,0,0,4,1.8,,0,Andre,0.0,30,5,108.2,False,251.2,0,0,0,0,1486,,,60,0,0,0,73426.jpg,2.5,0,0,Gray,0.5,False,18.0,a,18,57,594.0,79,0,0,0,0,0.0,0.0,Gray,1
396,2,7,241,,,6,41725,0,0,0,0,349.4,0,0,4,1.8,,0,Troy,0.0,30,5,125.3,False,343.0,0,0,0,0,1836,,,60,0,2,0,41725.jpg,2.5,1,0,Deeney,0.8,False,9.0,a,18,57,566.0,73,0,0,0,0,0.0,0.0,Deeney,1
397,1,1,52,75.0,,2,20046,0,0,0,0,92.0,0,0,4,1.0,,0,Stefano,0.0,9,1,29.8,False,74.4,0,0,0,0,442,Thigh injury - 75% chance of playing,2018-07-05T14:31:07Z,50,0,0,0,20046.jpg,1.6,0,0,Okaka,0.0,False,33.0,d,18,57,145.0,24,0,0,0,0,0.0,0.0,Okaka,2
398,0,0,12,,,0,133801,0,0,0,0,11.0,0,0,4,1.1,,0,Jerome,0.0,1,0,1.9,False,4.4,0,0,0,0,29,,,45,0,0,0,133801.jpg,1.0,0,0,Sinclair,1.5,False,17.0,a,18,57,4.0,4,0,0,0,0,0.0,0.0,Sinclair,0
445,0,11,635,,,10,9089,0,0,0,0,20.0,0,0,1,2.0,,0,Ben,0.0,55,0,73.8,False,716.8,0,0,0,0,3330,,,45,0,0,0,9089.jpg,3.3,0,99,Foster,3.3,False,,a,18,57,0.0,123,0,0,0,0,0.0,0.0,Foster,2
446,0,0,0,,,0,157775,0,0,0,0,0.0,0,0,3,1.5,,0,Ken,0.0,0,0,0.0,False,0.0,0,0,0,0,0,,,50,0,0,0,157775.jpg,0.0,0,0,Sema,0.1,False,,a,18,57,0.0,0,0,0,0,0,0.0,0.0,Sema,0
399,0,5,374,,,6,60706,0,0,0,0,0.0,0,0,1,1.0,,0,Adrián,0.0,29,0,47.0,False,470.4,0,0,0,0,1710,,,45,0,0,0,60706.jpg,3.8,0,69,San Miguel del Castillo,0.5,False,13.0,a,19,21,0.0,72,0,0,0,0,0.0,0.0,Adrián,2
400,0,14,772,,,9,37096,0,0,0,0,10.0,0,0,1,1.0,,0,Lukasz,0.0,56,0,109.9,False,1087.8,0,0,0,0,3420,,,45,0,0,3,37096.jpg,4.1,0,137,Fabianski,25.2,False,,a,19,21,0.0,157,0,0,0,0,0.0,0.0,Fabianski,0
401,0,3,264,0.0,,5,48717,0,0,0,0,48.8,0,0,2,0.0,,0,Winston,0.0,27,0,43.6,False,322.4,0,0,0,0,1452,Knee injury - Unknown return date,2018-07-05T14:31:07Z,45,0,0,0,48717.jpg,2.5,0,0,Reid,0.0,False,2.0,i,19,21,64.0,42,0,0,0,0,0.0,0.0,Reid,5
402,7,10,613,,,10,55459,0,0,0,0,562.7,0,0,2,1.6,,0,Aaron,0.0,60,1,145.0,False,690.2,0,0,0,0,3069,,,55,0,0,0,55459.jpg,3.3,0,0,Cresswell,2.5,False,3.0,a,19,21,193.0,118,0,0,0,0,0.0,0.0,Cresswell,7
403,0,4,520,,,7,40669,0,0,0,0,81.4,0,0,2,0.7,,0,Angelo,0.0,60,1,91.4,False,687.8,0,0,0,0,2880,,,45,0,0,0,40669.jpg,2.4,0,0,Ogbonna,1.2,False,21.0,a,19,21,145.0,77,0,0,0,0,0.0,0.0,Ogbonna,3
404,0,0,41,75.0,,0,113564,0,0,0,0,37.6,0,0,2,0.5,,0,Sam,0.0,7,0,14.5,False,71.0,0,0,0,0,246,Ankle injury - 75% chance of playing,2018-07-05T14:31:07Z,45,0,0,0,113564.jpg,1.0,0,0,Byram,0.0,False,22.0,d,19,21,36.0,5,0,0,0,0,0.0,0.0,Byram,1
405,1,6,563,,,10,20658,0,0,0,0,293.7,0,0,2,0.7,,0,Pablo,0.0,62,0,100.7,False,635.0,0,0,0,0,3289,,,45,1,0,0,20658.jpg,2.4,0,0,Zabaleta,2.7,False,5.0,a,19,21,77.0,90,0,0,0,0,0.0,0.0,Zabaleta,9
406,0,0,280,,,3,204480,0,0,0,0,35.7,0,0,2,0.7,,0,Declan,0.0,29,0,37.5,False,310.4,0,0,0,0,1421,,,45,0,0,0,204480.jpg,1.6,0,0,Rice,0.3,False,41.0,a,19,21,29.0,41,0,0,0,0,0.0,0.0,Rice,1
407,0,0,2,,,0,173792,0,0,0,0,0.0,0,0,2,0.7,,0,Reece,0.0,0,0,0.3,False,3.0,0,0,0,0,4,,,45,0,0,0,173792.jpg,1.0,0,0,Oxford,0.2,False,35.0,a,19,21,0.0,1,0,0,0,0,0.0,0.0,Oxford,0
408,0,0,0,,,0,81012,0,0,0,0,0.0,0,0,2,1.1,,0,Ryan,0.0,0,0,0.0,False,0.0,0,0,0,0,0,,,50,0,0,0,81012.jpg,0.0,0,0,Fredericks,0.6,False,,a,19,21,0.0,0,0,0,0,0,0.0,0.0,Fredericks,0
409,0,0,0,,,0,219924,0,0,0,0,0.0,0,0,2,0.7,,0,Issa,0.0,0,0,0.0,False,0.0,0,0,0,0,0,,,45,0,0,0,219924.jpg,0.0,0,0,Diop,1.5,False,,a,19,21,0.0,0,0,0,0,0,0.0,0.0,Diop,0
410,3,2,352,,,6,105717,0,0,0,0,295.1,0,0,3,0.3,,0,Arthur,0.0,29,0,80.7,False,385.0,0,0,0,0,1867,,,45,0,0,0,105717.jpg,2.5,0,0,Masuaku,3.6,False,26.0,a,19,21,128.0,68,0,0,0,0,0.0,0.0,Masuaku,5
411,0,7,461,,,7,18073,0,0,0,0,337.8,0,0,3,0.5,,0,Mark,0.0,45,4,100.8,False,527.6,0,0,0,0,2400,,,50,0,0,0,18073.jpg,2.9,0,0,Noble,0.4,False,16.0,a,19,21,141.0,84,0,0,0,0,0.0,0.0,Noble,6
412,3,2,367,,,7,55037,0,0,0,0,262.4,0,0,3,0.5,,0,Cheikhou,0.0,56,2,106.1,False,480.0,0,0,0,0,2798,,,50,0,0,0,55037.jpg,2.6,0,0,Kouyaté,0.4,False,8.0,a,19,21,320.0,86,0,0,0,0,0.0,0.0,Kouyaté,5
413,0,6,270,,,5,59779,0,0,0,0,132.1,0,0,3,0.3,,0,Pedro,0.0,29,2,60.1,False,377.8,0,0,0,0,1562,,,45,0,0,0,59779.jpg,2.6,0,0,Obiang,1.3,False,14.0,a,19,21,88.0,54,0,0,0,0,0.0,0.0,Obiang,3
414,7,11,470,0.0,,6,86934,0,0,0,0,624.9,0,0,3,0.0,,0,Manuel,0.0,44,5,168.8,False,559.4,0,0,0,0,2039,Knee injury - Unknown return date,2018-07-05T14:31:07Z,65,0,1,0,86934.jpg,3.9,0,0,Lanzini,0.1,False,10.0,i,19,21,502.0,106,0,0,0,0,0.0,0.0,Lanzini,4
415,2,1,188,,,7,57531,0,0,0,0,256.3,0,0,3,1.4,,0,Michail,0.0,23,3,94.6,False,296.6,0,0,0,0,1350,,,70,0,0,0,57531.jpg,3.0,0,0,Antonio,5.2,False,30.0,a,19,21,393.0,62,0,0,0,0,0.0,0.0,Antonio,1
416,2,0,123,,,2,163526,0,0,0,0,97.3,0,0,3,0.3,,0,Edimilson,0.0,20,0,28.6,False,110.8,0,0,0,0,840,,,45,0,0,0,163526.jpg,2.1,0,0,Fernandes,0.4,False,31.0,a,19,21,77.0,29,0,0,0,0,0.0,0.0,Fernandes,1
417,7,12,440,,,7,41464,0,0,0,0,543.0,0,0,4,1.3,,0,Marko,0.0,50,11,241.1,False,713.8,0,0,0,0,2309,,,70,0,0,0,41464.jpg,4.6,1,0,Arnautovic,23.0,False,7.0,a,19,21,1155.0,144,0,0,0,0,0.0,0.0,Arnautovic,5
418,1,6,106,0.0,,3,40142,0,0,0,0,110.2,0,0,4,0.0,,0,Andy,0.0,13,3,58.8,False,145.4,0,0,0,0,742,Ankle injury - Unknown return date,2018-07-12T19:31:08Z,55,0,0,0,40142.jpg,2.3,1,0,Carroll,0.2,False,9.0,i,19,21,344.0,36,0,0,0,0,0.0,0.0,Carroll,5
419,2,14,309,,,6,43020,0,0,0,0,312.4,0,0,4,1.0,,0,Javier,0.0,36,8,115.0,False,373.6,0,0,0,0,1537,,,65,0,0,0,43020.jpg,3.3,0,0,Hernández Balcázar,2.5,False,17.0,a,19,21,476.0,93,0,0,0,0,0.0,0.0,Chicharito,3
420,0,0,4,,,0,167522,0,0,0,0,0.4,0,0,4,0.3,,0,Jordan,0.0,0,0,0.0,False,0.0,0,0,0,0,22,,,50,0,0,0,167522.jpg,1.0,0,0,Hugill,0.1,False,12.0,a,19,21,0.0,3,0,0,0,0,0.0,0.0,Hugill,0
447,3,2,236,,,4,54102,0,0,0,0,281.8,0,0,3,0.5,,0,Jack,0.0,16,1,71.0,False,258.4,0,0,0,0,1185,,,50,0,0,0,54102.jpg,2.3,0,0,Wilshere,4.7,False,19.0,a,19,21,169.0,46,0,0,0,0,0.0,0.0,Wilshere,6
453,0,0,0,,,0,56377,0,0,0,0,0.0,0,0,3,1.4,,0,Andriy,0.0,0,0,0.0,False,0.0,0,0,0,0,0,,,70,0,0,0,56377.jpg,0.0,0,0,Yarmolenko,5.3,False,,a,19,21,0.0,0,0,0,0,0,0.0,0.0,Yarmolenko,0
464,0,0,0,,,0,166640,0,0,0,0,0.0,0,0,2,0.7,,0,Fabián,0.0,0,0,0.0,False,0.0,0,0,0,0,0,,,45,0,0,0,166640.jpg,0.0,0,0,Balbuena,0.4,False,,a,19,21,0.0,0,0,0,0,0,0.0,0.0,Balbuena,0
465,0,0,0,,,0,101537,0,0,0,0,0.0,0,0,3,1.4,,0,Felipe Anderson,0.0,0,0,0.0,False,0.0,0,0,0,0,0,,,70,0,0,0,101537.jpg,0.0,0,0,Pereira Gomes,2.9,False,,a,19,21,0.0,0,0,0,0,0,0.0,0.0,Felipe Anderson,0
421,0,0,0,,,0,19236,0,0,0,0,0.0,0,0,1,1.5,,0,John,0.0,0,0,0.0,False,0.0,0,0,0,0,0,,,45,0,0,0,19236.jpg,0.0,0,0,Ruddy,1.1,False,21.0,a,20,39,0.0,0,0,0,0,0,0.0,0.0,Ruddy,0
422,0,0,0,,,0,168399,0,0,0,0,0.0,0,0,1,0.7,,0,Will,0.0,0,0,0.0,False,0.0,0,0,0,0,0,,,40,0,0,0,168399.jpg,0.0,0,0,Norris,2.9,False,31.0,a,20,39,0.0,0,0,0,0,0,0.0,0.0,Norris,0
423,0,0,0,,,0,90585,0,0,0,0,0.0,0,0,2,1.2,,0,Willy,0.0,0,0,0.0,False,0.0,0,0,0,0,0,,,45,0,0,0,90585.jpg,0.0,0,0,Boly,2.3,False,15.0,a,20,39,0.0,0,0,0,0,0,0.0,0.0,Boly,0
424,0,0,0,,,0,57913,0,0,0,0,0.0,0,0,2,1.6,,0,Barry,0.0,0,0,0.0,False,0.0,0,0,0,0,0,,,50,0,0,0,57913.jpg,0.0,0,0,Douglas,4.8,False,3.0,a,20,39,0.0,0,0,0,0,0,0.0,0.0,Douglas,0
425,0,0,0,,,0,87835,0,0,0,0,0.0,0,0,2,1.2,,0,Matt,0.0,0,0,0.0,False,0.0,0,0,0,0,0,,,45,0,0,0,87835.jpg,0.0,0,0,Doherty,0.7,False,2.0,a,20,39,0.0,0,0,0,0,0,0.0,0.0,Doherty,0
426,0,0,0,,,0,107613,0,0,0,0,0.0,0,0,2,1.2,,0,Romain,0.0,0,0,0.0,False,0.0,0,0,0,0,0,,,45,0,0,0,107613.jpg,0.0,0,0,Saïss,0.4,False,27.0,a,20,39,0.0,0,0,0,0,0,0.0,0.0,Saïss,0
427,0,0,0,,,0,41727,0,0,0,0,0.0,0,0,2,0.7,,0,Ryan,0.0,0,0,0.0,False,0.0,0,0,0,0,0,,,40,0,0,0,41727.jpg,0.0,0,0,Bennett,4.0,False,5.0,a,20,39,0.0,0,0,0,0,0,0.0,0.0,Bennett,0
428,0,0,0,,,0,77610,0,0,0,0,0.0,0,0,2,0.7,,0,Danny,0.0,0,0,0.0,False,0.0,0,0,0,0,0,,,40,0,0,0,77610.jpg,0.0,0,0,Batth,1.5,False,6.0,a,20,39,0.0,0,0,0,0,0,0.0,0.0,Batth,0
429,0,0,0,0.0,,0,67184,0,0,0,0,0.0,0,0,2,0.0,,0,Roderick Jefferson,0.0,0,0,0.0,False,0.0,0,0,0,0,0,Season-long loan to Olympiacos,2018-07-13T08:41:00Z,40,0,0,0,67184.jpg,0.0,0,0,Gonçalves Miranda,1.2,False,25.0,u,20,39,0.0,0,0,0,0,0,0.0,0.0,Miranda,0
430,0,0,0,,,0,94147,0,0,0,0,0.0,0,0,2,1.2,,0,Conor,0.0,0,0,0.0,False,0.0,0,0,0,0,0,,,45,0,0,0,94147.jpg,0.0,0,0,Coady,0.6,False,16.0,a,20,39,0.0,0,0,0,0,0,0.0,0.0,Coady,0
431,0,0,0,,,0,216054,0,0,0,0,0.0,0,0,2,1.2,,0,Rúben Gonçalo,0.0,0,0,0.0,False,0.0,0,0,0,0,0,,,45,0,0,0,216054.jpg,0.0,0,0,Silva Nascimento Vinagre,0.2,False,29.0,a,20,39,0.0,0,0,0,0,0,0.0,0.0,Vinagre,0
432,0,0,0,,,0,194634,0,0,0,0,0.0,0,0,3,1.7,,0,Diogo,0.0,0,0,0.0,False,0.0,0,0,0,0,0,,,65,0,0,0,194634.jpg,0.0,0,0,Jota,8.1,False,18.0,a,20,39,0.0,0,0,0,0,0,0.0,0.0,Jota,0
433,0,0,0,,,0,171317,0,0,0,0,0.0,0,0,3,1.0,,0,Rúben Diogo,0.0,0,0,0.0,False,0.0,0,0,0,0,0,,,50,0,0,0,171317.jpg,0.0,0,0,da Silva Neves,15.4,False,8.0,a,20,39,0.0,0,0,0,0,0,0.0,0.0,Neves,0
434,0,0,0,,,0,166324,0,0,0,0,0.0,0,0,3,1.2,,0,Ivan,0.0,0,0,0.0,False,0.0,0,0,0,0,0,,,55,0,0,0,166324.jpg,0.0,0,0,Cavaleiro,0.8,False,7.0,a,20,39,0.0,0,0,0,0,0,0.0,0.0,Cavaleiro,0
435,0,0,0,,,0,165808,0,0,0,0,0.0,0,0,3,1.0,,0,Hélder,0.0,0,0,0.0,False,0.0,0,0,0,0,0,,,50,0,0,0,165808.jpg,0.0,0,0,Costa,1.0,False,17.0,a,20,39,0.0,0,0,0,0,0,0.0,0.0,Costa,0
436,0,0,0,,,0,198847,0,0,0,0,0.0,0,0,3,0.8,,0,Bright,0.0,0,0,0.0,False,0.0,0,0,0,0,0,,,45,0,0,0,198847.jpg,0.0,0,0,Enobakhare,0.5,False,26.0,a,20,39,0.0,0,0,0,0,0,0.0,0.0,Enobakhare,0
437,0,0,0,,,0,102057,0,0,0,0,0.0,0,0,4,1.1,,0,Raúl,0.0,0,0,0.0,False,0.0,0,0,0,0,0,,,55,0,0,0,102057.jpg,0.0,0,0,Jiménez,3.6,False,,a,20,39,0.0,0,0,0,0,0,0.0,0.0,Jiménez,0
438,0,0,0,,,0,141569,0,0,0,0,0.0,0,0,4,0.8,,0,Bonatini Lohner Maia,0.0,0,0,0.0,False,0.0,0,0,0,0,0,,,50,0,0,0,141569.jpg,0.0,0,0,Bonatini,1.5,False,33.0,a,20,39,0.0,0,0,0,0,0,0.0,0.0,Bonatini,0
448,0,0,0,,,0,222531,0,0,0,0,0.0,0,0,3,0.8,,0,Morgan,0.0,0,0,0.0,False,0.0,0,0,0,0,0,,,45,0,0,0,222531.jpg,0.0,0,0,Gibbs-White,0.4,False,24.0,a,20,39,0.0,0,0,0,0,0,0.0,0.0,Gibbs-White,0
449,0,0,0,,,0,219929,0,0,0,0,0.0,0,0,4,0.6,,0,Rafa,0.0,0,0,0.0,False,0.0,0,0,0,0,0,,,45,0,0,0,219929.jpg,0.0,0,0,Mir,1.2,False,9.0,a,20,39,0.0,0,0,0,0,0,0.0,0.0,Mir,0
454,0,0,0,,,0,38533,0,0,0,0,0.0,0,0,1,1.5,,0,Rui Pedro,0.0,0,0,0.0,False,0.0,0,0,0,0,0,,,45,0,0,0,38533.jpg,0.0,0,0,dos Santos Patrício,4.5,False,,a,20,39,0.0,0,0,0,0,0,0.0,0.0,Patrício,0
