player_id,Appearances,Assists,Big Chances Created,Big Chances Missed,Clean Sheets,Goals,Goals Conceded,Goals Per Match,Losses,Own Goals,Penalties Scored,Position,Red Cards,Team,Wins,Yellow Cards,player_id
10483,18,1,1,0,0,2,0,0,12,0,0,Midfielder,0,Newcastle United,3,2,10483
3512,95,8,10,0,16,4,134,0,40,1,0,Defender,0,AFC Bournemouth,29,17,3512
4852,125,0,0,0,35,0,167,0,44,0,0,Goalkeeper,2,West Ham United,45,9,4852
11357,12,1,1,0,0,0,0,12,6,0,0,Midfielder,0,Leicester City,3,3,11357
4040,63,3,2,19,0,10,0,0,28,0,0,Forward,0,Stoke City,19,1,4040
4328,206,35,49,104,0,143,0,0,35,0,22,Forward,1,Manchester City,133,19,4328
10559,3,0,0,0,0,0,0,3,3,0,0,Forward,0,Blackpool,0,0,10559
24695,0,0,0,0,0,0,0,0,0,0,0,Midfielder,0,Brighton and Hove Albion,0,0,24695
4499,79,4,5,0,16,6,104,0,32,0,0,Defender,1,AFC Bournemouth,31,10,4499
4482,4,0,0,1,0,0,0,4,2,0,0,Forward,0,Arsenal,2,0,4482
3564,209,32,49,13,0,15,0,0,77,0,0,Midfielder,1,Leicester City,71,27,3564
4916,108,2,2,0,41,6,87,0,21,0,0,Defender,0,Tottenham Hotspur,62,10,4916
12946,4,0,0,0,0,0,0,4,0,0,0,Midfielder,0,Girona,2,0,12946
14732,26,1,3,0,6,1,20,0,4,0,0,Defender,0,Liverpool,15,3,14732
20559,0,0,0,0,0,0,0,0,0,0,0,Goalkeeper,0,Liverpool,0,0,20559
13984,0,0,0,0,0,0,0,0,0,0,0,Midfielder,0,Liverpool,0,0,13984
4093,89,6,9,0,34,14,83,0,21,0,0,Defender,1,Chelsea,55,15,4093
12306,37,1,0,1,0,1,0,0,15,0,0,Midfielder,1,Leicester City,13,3,12306
15128,0,0,0,0,0,0,0,0,0,0,0,Midfielder,0,Stevenage,0,0,15128
19731,1,0,0,0,0,0,1,0,0,0,0,Defender,0,Chelsea,1,0,19731
5490,44,3,5,1,0,0,0,44,23,0,0,Midfielder,1,Watford,12,6,5490
8234,0,0,0,0,0,0,0,0,0,0,0,Defender,0,Doncaster Rovers,0,0,8234
37587,0,0,0,0,0,0,0,0,0,0,0,Forward,0,Brighton and Hove Albion,0,0,37587
10476,5,0,0,0,0,0,0,5,2,0,0,Midfielder,0,Valencia CF,3,2,10476
9595,76,7,8,14,0,20,0,0,28,0,0,Midfielder,1,West Ham United,27,8,9595
3285,319,46,38,0,103,24,250,0,77,0,0,Defender,3,Manchester United,176,50,3285
9199,15,1,2,1,0,0,0,15,13,0,0,Forward,0,Blackburn Rovers,1,1,9199
4823,156,29,40,36,0,33,0,0,63,0,4,Forward,2,West Ham United,51,21,4823
8050,69,4,3,2,0,3,0,0,30,0,0,Midfielder,1,AFC Bournemouth,22,22,8050
4859,33,3,7,3,0,2,0,0,12,0,0,Midfielder,0,Newcastle United,12,1,4859
5110,13,4,1,6,0,10,0,0,6,0,1,Forward,0,Arsenal,7,0,5110
11293,17,2,5,0,6,2,12,0,2,0,0,Defender,1,Tottenham Hotspur,11,1,11293
9468,81,6,6,29,0,32,0,0,42,0,6,Forward,1,Southampton,21,7,9468
15340,0,0,0,0,0,0,0,0,0,0,0,Forward,0,Liverpool,0,0,15340
19606,0,0,0,0,0,0,0,0,0,0,0,Forward,0,Fulham,0,0,19606
10487,106,7,15,12,0,21,0,0,51,0,0,Forward,0,Newcastle United,29,7,10487
4496,197,20,19,0,73,5,184,0,37,3,0,Defender,1,Chelsea,117,18,4496
9762,0,0,0,0,0,0,0,0,0,0,0,Goalkeeper,0,Watford,0,0,9762
15687,0,0,0,0,0,0,0,0,0,0,0,Midfielder,0,Huddersfield Town,0,0,15687
12937,38,0,0,0,19,1,21,0,5,1,0,Defender,0,Manchester United,24,6,12937
3030,406,53,62,0,113,32,432,0,130,2,0,Defender,0,Everton,159,46,3030
11260,29,2,1,3,0,2,0,0,6,0,0,Midfielder,1,Chelsea,18,3,11260
32435,0,0,0,0,0,0,0,0,0,0,0,Defender,0,West Ham United,0,0,32435
4711,2,0,0,0,0,0,0,2,2,0,0,Forward,0,Brighton and Hove Albion,0,0,4711
20183,0,0,0,0,0,0,0,0,0,0,0,Defender,0,Brighton and Hove Albion,0,0,20183
14623,8,0,0,0,0,0,0,8,2,0,0,Midfielder,0,Everton,2,1,14623
2517,259,4,10,0,54,7,312,0,114,3,0,Defender,2,Burnley,83,62,2517
4115,152,18,26,19,0,21,0,0,49,0,2,Midfielder,0,Chelsea,61,17,4115
13590,0,0,0,0,0,0,0,0,0,0,0,Midfielder,0,Crewe Alexandra,0,0,13590
8246,99,4,5,8,0,20,0,0,42,0,2,Forward,2,Burnley,28,20,8246
7450,32,2,0,2,0,7,0,0,6,0,0,Forward,0,Chelsea,22,0,7450
3988,0,0,0,0,0,0,0,0,0,0,0,Defender,0,Wolverhampton Wanderers,0,0,3988
19589,5,0,0,0,1,1,5,0,1,0,0,Defender,0,Southampton,2,1,19589
2537,228,0,0,0,56,0,302,0,91,0,0,Goalkeeper,0,AFC Bournemouth,72,12,2537
4474,124,13,23,0,46,6,126,0,28,0,0,Defender,0,Arsenal,71,17,4474
13490,16,0,0,0,4,0,18,0,5,0,0,Defender,0,Leicester City,8,5,13490
3672,31,2,0,0,0,0,48,0,16,0,0,Defender,1,Cardiff City,7,4,3672
14945,0,0,0,0,0,0,0,0,0,0,0,Forward,0,Wolverhampton Wanderers,0,0,14945
4492,185,18,24,73,0,69,0,0,88,0,10,Forward,2,Crystal Palace,59,30,4492
6210,55,10,8,0,0,3,0,0,23,0,0,Midfielder,0,Burnley,17,3,6210
23591,0,0,0,0,0,0,0,0,0,0,0,Defender,0,Brighton and Hove Albion,0,0,23591
5067,35,4,3,3,0,6,0,0,2,0,0,Midfielder,0,Manchester City,29,0,5067
2886,173,14,22,0,46,5,207,0,68,0,0,Defender,1,Southampton,65,19,2886
10451,37,0,2,0,0,0,0,37,14,0,0,Midfielder,0,Middlesbrough,10,9,10451
4511,0,0,0,0,0,0,0,0,0,0,0,Goalkeeper,0,Fulham,0,0,4511
8882,16,0,1,0,0,0,0,16,8,0,0,Midfielder,0,Huddersfield Town,4,3,8882
50245,0,0,0,0,0,0,0,0,0,0,0,Midfielder,0,Brighton and Hove Albion,0,0,50245
4888,90,5,8,0,30,4,79,0,19,0,0,Defender,0,Ajax,49,8,4888
10441,1,0,0,0,0,0,0,1,1,0,0,Midfielder,0,Birmingham City,0,0,10441
13468,0,0,0,0,0,0,0,0,0,0,0,Forward,0,Peterborough United,0,0,13468
21820,0,0,0,0,0,0,0,0,0,0,0,Forward,0,Manchester United,0,0,21820
4763,119,17,25,8,0,11,0,0,51,0,0,Forward,1,Everton,38,9,4763
14793,0,0,0,0,0,0,0,0,0,0,0,Midfielder,0,Manchester City,0,0,14793
16204,0,0,0,0,0,0,0,0,0,0,0,Defender,0,Wolverhampton Wanderers,0,0,16204
5721,25,0,0,0,6,0,36,0,10,1,0,Defender,0,Brighton and Hove Albion,6,2,5721
4601,116,1,0,0,35,0,168,0,42,0,0,Goalkeeper,0,AFC Bournemouth,41,5,4601
9030,10,0,0,0,0,0,13,0,7,0,0,Defender,1,AFC Bournemouth,1,2,9030
4158,108,9,20,0,0,8,0,0,55,0,2,Midfielder,0,Burnley,29,11,4158
5810,25,0,0,0,6,0,27,0,5,0,0,Goalkeeper,0,Manchester City,15,0,5810
1926,0,0,0,0,0,0,0,0,0,0,0,Goalkeeper,0,Cardiff City,0,0,1926
5668,63,2,4,0,13,2,80,0,28,0,0,Defender,3,Watford,23,16,5668
13873,0,0,0,0,0,0,0,0,0,0,0,Midfielder,0,West Ham United U21,0,0,13873
4506,7,0,0,0,1,0,5,0,2,0,0,Defender,0,Sunderland,2,1,4506
8162,25,0,0,0,8,0,23,0,8,0,0,Defender,0,Brighton and Hove Albion,7,3,8162
15424,0,0,0,0,0,0,0,0,0,0,0,Goalkeeper,0,Barnet,0,0,15424
9982,5,0,0,0,2,0,4,0,3,0,0,Defender,0,Hull City,1,0,9982
3505,0,0,0,0,0,0,0,0,0,0,0,Goalkeeper,0,Brighton and Hove Albion,0,0,3505
8945,27,1,1,0,4,0,37,0,13,0,0,Defender,1,West Ham United,8,9,8945
10466,26,0,0,0,8,0,26,0,4,0,0,Goalkeeper,0,Chelsea,16,0,10466
4341,175,15,34,10,0,26,0,0,70,0,4,Midfielder,0,Paris Saint Germain,66,41,4341
2620,347,9,7,0,92,27,417,0,114,2,0,Defender,3,Chelsea,157,37,2620
3894,11,0,0,0,0,1,0,0,5,0,0,Midfielder,0,Fulham,1,1,3894
9576,43,6,6,6,0,5,0,0,18,0,0,Forward,0,Everton,15,5,9576
23820,0,0,0,0,0,0,0,0,0,0,0,Midfielder,0,Liverpool,0,0,23820
4556,3,0,0,0,0,0,4,0,1,0,0,Goalkeeper,0,Sunderland,0,1,4556
4254,23,2,4,2,0,3,0,0,5,0,0,Forward,0,Arsenal,9,0,4254
5001,115,6,15,3,0,10,0,0,25,0,0,Midfielder,1,Juventus,61,25,5001
4843,117,2,1,9,0,9,0,0,54,0,0,Midfielder,0,Watford,41,18,4843
9869,1,0,0,0,0,0,0,0,0,0,0,Defender,0,Coventry City,0,0,9869
15989,7,1,0,0,0,0,0,7,3,0,0,Forward,0,Leganés,1,0,15989
3175,199,18,26,43,0,53,0,0,80,0,2,Forward,2,West Ham United,67,30,3175
13814,0,0,0,0,0,0,0,0,0,0,0,Defender,0,Ipswich Town,0,0,13814
3160,87,1,3,0,17,2,126,0,38,2,0,Defender,0,Watford,27,8,3160
5079,0,0,0,0,0,0,0,0,0,0,0,Forward,0,Wolverhampton Wanderers,0,0,5079
4477,129,35,43,8,0,25,0,0,24,0,8,Midfielder,1,Villarreal,78,12,4477
2651,436,2,0,0,201,2,324,0,74,2,0,Goalkeeper,1,Arsenal,275,7,2651
11347,86,8,14,0,21,0,99,0,34,0,0,Defender,0,Southampton,26,13,11347
14575,0,0,0,0,0,0,0,0,0,0,0,Defender,0,Ipswich Town,0,0,14575
4620,94,2,4,0,20,3,103,0,34,1,0,Defender,1,Arsenal,36,14,4620
11147,3,1,1,0,0,0,0,3,2,0,0,Midfielder,0,Chelsea,1,0,11147
4161,131,9,15,39,0,45,0,0,36,0,1,Forward,0,West Ham United,62,11,4161
13491,36,2,5,0,5,1,48,0,14,0,0,Defender,1,Leicester City,12,3,13491
13510,1,0,0,0,0,0,0,1,1,0,0,Midfielder,0,Liverpool,0,0,13510
20858,0,0,0,0,0,0,0,0,0,0,0,Midfielder,0,Manchester United,0,0,20858
13248,8,1,1,0,0,0,0,8,5,0,0,Midfielder,0,Leicester City,2,1,13248
4495,28,0,0,0,6,0,23,0,8,0,0,Defender,0,Chelsea,14,0,4495
8438,0,0,0,0,0,0,0,0,0,0,0,Defender,0,Fulham,0,0,8438
7431,0,0,0,0,0,0,0,0,0,0,0,Midfielder,0,Fulham,0,0,7431
3562,154,5,10,0,23,9,241,0,75,0,0,Defender,2,Newcastle United,36,43,3562
12365,38,1,0,0,0,1,0,0,11,0,0,Midfielder,0,Southampton,22,8,12365
3448,183,13,13,10,0,12,0,0,65,0,0,Midfielder,1,Watford,72,18,3448
4604,167,9,15,0,52,4,190,0,53,1,0,Defender,0,Liverpool,71,16,4604
4136,1,0,0,0,0,0,0,1,0,0,0,Defender,0,Wolverhampton Wanderers,1,0,4136
3713,179,10,9,2,0,9,0,0,83,0,0,Midfielder,1,Nottingham Forest,49,37,3713
3600,218,18,28,0,59,18,217,0,61,3,0,Defender,1,Everton,90,25,3600
21653,0,0,0,0,0,0,0,0,0,0,0,Forward,0,Brighton and Hove Albion U21,0,0,21653
2889,197,7,7,5,0,7,0,0,74,0,0,Midfielder,0,Burnley,73,25,2889
4911,126,0,0,0,48,0,121,0,21,0,0,Goalkeeper,2,Chelsea,77,5,4911
8897,137,17,22,0,34,5,192,0,48,0,0,Defender,1,West Ham United,46,15,8897
13716,45,3,4,0,7,1,51,0,14,0,0,Defender,0,Everton,21,2,13716
10539,3,0,0,0,0,0,0,3,0,0,0,Midfielder,0,West Ham United,2,0,10539
3906,2,0,0,0,0,0,0,0,0,0,0,Defender,0,Cardiff City,1,0,3906
33158,0,0,0,0,0,0,0,0,0,0,0,Goalkeeper,0,Watford,0,0,33158
23520,0,0,0,0,0,0,0,0,0,0,0,Midfielder,0,Cardiff City,0,0,23520
3242,106,11,10,0,23,8,166,0,45,0,0,Defender,0,AFC Bournemouth,32,3,3242
5328,23,2,0,0,7,3,11,0,2,0,0,Defender,0,Manchester City,18,2,5328
3807,200,9,9,0,40,15,283,0,85,5,0,Defender,0,Crystal Palace,62,33,3807
8245,49,4,6,9,0,14,0,0,21,0,1,Forward,0,Liverpool,11,7,8245
9251,19,0,0,0,5,1,26,0,7,1,0,Goalkeeper,0,Newcastle United,4,0,9251
12854,54,0,4,0,19,1,29,0,8,0,0,Defender,0,Manchester United,28,11,12854
4100,124,4,9,0,41,8,99,0,23,1,0,Defender,1,Chelsea,81,32,4100
13389,59,4,3,2,0,4,0,0,18,0,0,Midfielder,0,Everton,27,11,13389
2423,303,19,27,12,0,17,0,0,115,0,0,Midfielder,0,Southampton,96,20,2423
4288,101,44,53,9,0,21,0,0,12,0,0,Midfielder,0,Manchester City,67,9,4288
4330,237,0,0,0,93,1,224,0,47,1,0,Goalkeeper,0,Manchester United,137,3,4330
14676,0,0,0,0,0,0,0,0,0,0,0,Midfielder,0,Fulham,0,0,14676
9947,104,13,18,15,0,28,0,0,52,0,12,Forward,1,Watford,29,14,9947
1526,492,33,10,53,0,162,0,0,186,0,14,Forward,2,AFC Bournemouth,183,40,1526
5345,45,4,1,1,0,2,0,0,19,0,0,Midfielder,0,Burnley,18,7,5345
9167,106,26,32,25,0,37,0,0,15,0,1,Midfielder,0,Tottenham Hotspur,67,18,9167
3799,158,7,6,3,0,7,0,0,63,0,0,Midfielder,1,Manchester City,63,25,3799
4123,233,12,12,9,0,12,0,0,53,0,0,Midfielder,0,Tottenham Hotspur,123,30,4123
11002,24,0,0,0,5,0,30,0,14,1,0,Defender,0,Manchester City,6,2,11002
16747,33,1,1,3,0,6,0,0,18,0,0,Forward,0,Huddersfield Town,6,1,16747
13899,0,0,0,0,0,0,0,0,0,0,0,Defender,0,Portsmouth,0,0,13899
4777,69,11,11,4,0,6,0,0,22,0,0,Forward,0,Watford,25,4,4777
32936,14,1,0,1,0,0,0,14,7,0,0,Forward,0,Leicester City,3,1,32936
3982,210,5,8,13,0,18,0,0,98,0,0,Midfielder,0,Newcastle United,55,28,3982
15199,0,0,0,0,0,0,0,0,0,0,0,Midfielder,0,West Ham United U21,0,0,15199
14800,5,0,0,1,0,0,0,5,0,0,0,Forward,0,Manchester City,4,0,14800
4112,135,6,9,4,0,7,0,0,24,0,0,Midfielder,0,Tottenham Hotspur,78,24,4112
24252,0,0,0,0,0,0,0,0,0,0,0,Defender,0,Manchester United,0,0,24252
49884,0,0,0,0,0,0,0,0,0,0,0,Defender,0,West Ham United,0,0,49884
5577,0,0,0,0,0,0,0,0,0,0,0,Defender,0,Watford,0,0,5577
22548,0,0,0,0,0,0,0,0,0,0,0,Defender,0,Fulham,0,0,22548
16088,1,0,0,0,0,0,0,1,1,0,0,Midfielder,0,Watford,0,0,16088
4229,1,0,0,0,0,0,0,0,1,0,0,Defender,0,Wolverhampton Wanderers,0,0,4229
13823,57,3,1,2,0,8,0,0,30,0,0,Midfielder,0,Watford,16,14,13823
16347,0,0,0,0,0,0,0,0,0,0,0,Defender,0,Wolverhampton Wanderers,0,0,16347
24626,0,0,0,0,0,0,0,0,0,0,0,Midfielder,0,Manchester City,0,0,24626
10455,2,0,0,0,0,0,0,2,0,0,0,Midfielder,0,Nottingham Forest,2,0,10455
6362,11,0,0,0,3,0,14,0,5,0,0,Defender,0,Bayer 04 Leverkusen,3,2,6362
3670,99,8,11,5,0,4,0,0,29,0,0,Midfielder,1,Chelsea,47,10,3670
6451,12,0,0,0,4,0,11,0,5,0,0,Goalkeeper,0,Newcastle United,6,0,6451
3601,42,1,2,0,9,0,55,0,17,0,0,Defender,0,Brighton and Hove Albion,10,8,3601
4340,86,0,3,0,18,2,104,0,39,1,0,Defender,1,Newcastle United,28,9,4340
8163,38,1,1,0,10,1,54,0,16,4,0,Defender,0,Brighton and Hove Albion,9,7,8163
5097,0,0,0,0,0,0,0,0,0,0,0,Defender,0,Huddersfield Town,0,0,5097
10633,0,0,0,0,0,0,0,0,0,0,0,Defender,0,Cardiff City,0,0,10633
14451,3,0,0,0,0,0,0,3,3,0,0,Forward,0,Arsenal,0,0,14451
12707,36,0,0,0,16,0,26,0,2,0,0,Goalkeeper,0,Manchester City,30,1,12707
8962,0,0,0,0,0,0,0,0,0,0,0,Defender,0,Leicester City,0,0,8962
2214,52,1,0,0,8,0,88,0,28,0,0,Goalkeeper,1,Newcastle United,15,1,2214
15967,0,0,0,0,0,0,0,0,0,0,0,Midfielder,0,Southampton,0,0,15967
16803,5,1,0,0,1,0,4,0,3,0,0,Defender,0,Chelsea,2,0,16803
13903,0,0,0,0,0,0,0,0,0,0,0,Forward,0,Wolverhampton Wanderers,0,0,13903
4845,171,48,60,16,0,41,0,0,35,0,0,Midfielder,0,Tottenham Hotspur,98,9,4845
4120,0,0,0,0,0,0,0,0,0,0,0,Goalkeeper,0,Cardiff City,0,0,4120
3156,235,8,5,0,66,9,230,0,65,4,0,Defender,2,Leicester City,117,34,3156
3309,181,2,0,0,51,0,256,0,76,0,0,Goalkeeper,1,West Ham United,68,3,3309
11247,0,0,0,0,0,0,0,0,0,0,0,Midfielder,0,Liverpool,0,0,11247
2417,344,111,62,13,0,50,0,0,66,0,5,Midfielder,3,Chelsea,198,70,2417
3182,31,0,0,0,4,0,60,0,18,0,0,Goalkeeper,0,Stoke City,6,1,3182
3604,246,15,17,36,0,37,0,0,60,0,0,Midfielder,3,Manchester United,110,54,3604
15759,42,1,0,0,0,0,0,42,20,0,0,Midfielder,0,West Ham United,12,5,15759
4804,165,12,20,9,0,17,0,0,26,0,0,Midfielder,2,Manchester City,110,34,4804
4129,46,2,2,0,9,1,51,0,9,0,0,Defender,0,Bolton Wanderers,29,11,4129
10500,0,0,0,0,0,0,0,0,0,0,0,Midfielder,0,Southampton,0,0,10500
14805,5,1,1,0,0,0,0,5,0,0,0,Midfielder,0,Manchester City,5,0,14805
14298,1,0,0,0,0,0,0,1,1,0,0,Forward,0,Boreham Wood,0,0,14298
3170,106,0,0,0,37,0,116,0,37,0,0,Goalkeeper,0,Southampton,44,4,3170
14659,0,0,0,0,0,0,0,0,0,0,0,Defender,0,Fulham,0,0,14659
2932,288,0,0,0,72,0,398,0,124,0,0,Goalkeeper,0,Watford,79,11,2932
13561,33,1,1,0,4,0,30,0,14,0,0,Defender,0,Manchester United,13,3,13561
25309,0,0,0,0,0,0,0,0,0,0,0,Defender,0,Tottenham Hotspur,0,0,25309
8044,104,6,4,0,20,0,167,0,45,0,0,Defender,3,AFC Bournemouth,33,17,8044
24704,0,0,0,0,0,0,0,0,0,0,0,Midfielder,0,Fulham,0,0,24704
8052,54,8,8,0,0,8,0,0,23,0,0,Midfielder,0,AFC Bournemouth,14,3,8052
5906,0,0,0,0,0,0,0,0,0,0,0,Midfielder,0,Manchester United,0,0,5906
10479,0,0,0,0,0,0,0,0,0,0,0,Goalkeeper,0,Newcastle United,0,0,10479
3958,0,0,0,0,0,0,0,0,0,0,0,Defender,0,West Ham United,0,0,3958
5371,93,9,11,0,27,2,112,0,27,1,0,Defender,0,Leicester City,41,15,5371
13387,55,2,3,0,13,4,56,0,14,0,0,Defender,1,Villarreal,21,5,13387
12639,39,0,0,3,0,9,0,0,18,0,1,Forward,0,Southampton,6,3,12639
19680,39,7,7,16,0,20,0,0,1,0,1,Forward,0,Manchester City,32,8,19680
9650,18,0,0,4,0,1,0,0,7,0,0,Forward,0,Birmingham City,7,0,9650
9163,20,1,1,0,3,0,25,0,6,0,0,Defender,0,Sunderland,7,3,9163
3868,5,0,0,0,0,0,8,0,5,0,0,Defender,0,Oxford United,0,1,3868
24635,0,0,0,0,0,0,0,0,0,0,0,Defender,0,Manchester City,0,0,24635
23841,0,0,0,0,0,0,0,0,0,0,0,Midfielder,0,Manchester United,0,0,23841
21964,0,0,0,0,0,0,0,0,0,0,0,Midfielder,0,Manchester City,0,0,21964
4771,99,4,4,18,0,21,0,0,54,0,2,Forward,1,Newcastle United,25,6,4771
4600,22,0,0,0,3,0,33,0,11,0,0,Goalkeeper,0,Tottenham Hotspur,6,0,4600
15259,0,0,0,0,0,0,0,0,0,0,0,Midfielder,0,Wolverhampton Wanderers,0,0,15259
20081,0,0,0,0,0,0,0,0,0,0,0,Midfielder,0,Wolverhampton Wanderers,0,0,20081
4481,193,24,36,71,0,76,0,0,44,0,2,Forward,2,Chelsea,107,16,4481
14830,1,0,0,0,0,0,0,1,0,0,0,Midfielder,0,Manchester United,1,0,14830
10651,28,3,2,0,12,0,26,0,4,0,0,Defender,0,Liverpool,14,6,10651
24834,0,0,0,0,0,0,0,0,0,0,0,Midfielder,0,Wolverhampton Wanderers,0,0,24834
3390,135,2,3,8,0,12,0,0,52,0,0,Midfielder,1,AFC Bournemouth,54,24,3390
19622,0,0,0,0,0,0,0,0,0,0,0,Forward,0,Cardiff City,0,0,19622
19909,0,0,0,0,0,0,0,0,0,0,0,Goalkeeper,0,Liverpool,0,0,19909
8055,24,1,0,2,0,1,0,0,13,0,0,Forward,0,Nottingham Forest,6,2,8055
10146,0,0,0,0,0,0,0,0,0,0,0,Midfielder,0,Wolverhampton Wanderers,0,0,10146
1870,31,0,0,0,9,0,41,0,12,0,0,Goalkeeper,0,Manchester United,10,1,1870
7946,77,5,9,3,0,4,0,0,30,0,0,Midfielder,0,Leicester City,28,4,7946
25266,0,0,0,0,0,0,0,0,0,0,0,Forward,0,Manchester United,0,0,25266
14766,0,0,0,0,0,0,0,0,0,0,0,Goalkeeper,0,Manchester City,0,0,14766
22542,38,8,16,0,0,7,0,0,16,0,1,Midfielder,0,Brighton and Hove Albion,9,2,22542
13985,8,0,0,0,0,0,0,8,3,0,0,Midfielder,0,Liverpool,4,1,13985
50512,0,0,0,0,0,0,0,0,0,0,0,Midfielder,0,Arsenal,0,0,50512
12582,101,3,3,3,0,3,0,0,47,0,0,Midfielder,1,Everton,29,27,12582
5101,40,2,3,1,0,7,0,0,5,0,1,Midfielder,0,Manchester City,29,3,5101
15269,0,0,0,0,0,0,0,0,0,0,0,Goalkeeper,0,Southampton,0,0,15269
4736,23,2,2,2,0,1,0,0,12,0,0,Midfielder,0,Cardiff City,5,1,4736
12173,23,1,1,0,4,0,28,0,11,0,0,Defender,0,Huddersfield Town,5,3,12173
4545,38,1,1,0,4,0,50,0,17,0,0,Defender,0,Newcastle United,11,3,4545
24839,0,0,0,0,0,0,0,0,0,0,0,Midfielder,0,West Ham United,0,0,24839
3183,12,0,0,0,4,0,15,0,7,0,0,Goalkeeper,0,Huddersfield Town,3,0,3183
14835,0,0,0,0,0,0,0,0,0,0,0,Forward,0,Manchester United,0,0,14835
4856,0,0,0,0,0,0,0,0,0,0,0,Midfielder,0,Cardiff City,0,0,4856
33135,0,0,0,0,0,0,0,0,0,0,0,Midfielder,0,Middlesbrough,0,0,33135
3143,321,1,0,0,123,0,342,0,84,0,0,Goalkeeper,0,Manchester City,166,7,3143
10000,0,0,0,0,0,0,0,0,0,0,0,Defender,0,Wolverhampton Wanderers,0,0,10000
4713,26,0,0,1,0,1,0,0,11,0,0,Midfielder,0,Newcastle United,9,7,4713
4503,208,39,49,30,0,69,0,0,38,0,13,Forward,0,Chelsea,125,13,4503
4743,1,0,0,0,0,0,0,1,1,0,0,Forward,0,Cardiff City,0,0,4743
2933,77,0,0,0,20,1,105,0,37,1,0,Goalkeeper,0,Burnley,20,2,2933
4582,0,0,0,0,0,0,0,0,0,0,0,Defender,0,Hull City,0,0,4582
19609,2,0,0,0,0,0,1,0,1,0,0,Defender,0,Huddersfield Town,1,1,19609
5064,0,0,0,0,0,0,0,0,0,0,0,Forward,0,Wolverhampton Wanderers,0,0,5064
13234,16,2,0,2,0,2,0,0,8,0,0,Forward,0,Brighton and Hove Albion,4,0,13234
3712,278,38,38,15,0,25,0,0,77,0,1,Midfielder,1,Liverpool,130,31,3712
8586,66,3,3,3,0,4,0,0,29,0,0,Midfielder,1,Burnley,22,7,8586
2569,160,1,0,0,32,1,267,0,81,1,0,Goalkeeper,0,Crystal Palace,43,4,2569
10475,110,14,14,3,0,10,0,0,22,0,1,Midfielder,1,Manchester United,61,20,10475
10501,2,0,0,0,0,0,0,2,2,0,0,Midfielder,0,Southampton,0,1,10501
3719,195,0,0,0,53,1,258,0,75,1,0,Goalkeeper,0,Watford,73,12,3719
14619,0,0,0,0,0,0,0,0,0,0,0,Goalkeeper,0,Everton,0,0,14619
10949,0,0,0,0,0,0,0,0,0,0,0,Forward,0,Fleetwood Town,0,0,10949
9936,0,0,0,0,0,0,0,0,0,0,0,Defender,0,Watford,0,0,9936
21691,0,0,0,0,0,0,0,0,0,0,0,Defender,0,Chester FC,0,0,21691
6194,28,1,1,0,5,0,42,0,12,0,0,Defender,0,Southampton,5,7,6194
3801,35,0,0,0,0,0,0,35,18,0,0,Midfielder,1,Huddersfield Town,8,9,3801
3823,129,7,17,5,0,13,0,0,73,0,0,Forward,0,Cardiff City,27,10,3823
11575,21,0,0,0,7,0,25,0,6,0,0,Defender,0,Arsenal,13,6,11575
5713,72,8,9,0,12,2,124,0,37,0,0,Defender,0,Watford,18,23,5713
10564,33,1,4,0,9,0,32,0,7,0,0,Defender,0,Everton,16,5,10564
8340,0,0,0,0,0,0,0,0,0,0,0,Defender,0,Portsmouth,0,0,8340
23702,2,0,0,0,0,0,0,2,2,0,0,Forward,0,Chelsea,0,0,23702
24625,0,0,0,0,0,0,0,0,0,0,0,Defender,0,Leicester City,0,0,24625
9417,3,0,0,0,0,0,0,3,1,0,0,Forward,0,West Ham United,2,0,9417
13550,0,0,0,0,0,0,0,0,0,0,0,Defender,0,Manchester City,0,0,13550
10734,1,0,0,0,0,0,0,1,0,0,0,Midfielder,0,AFC Bournemouth,1,0,10734
5272,45,0,0,2,0,0,0,45,18,0,0,Midfielder,0,Southampton,13,8,5272
4527,98,9,7,2,0,3,0,0,37,0,0,Midfielder,0,AFC Bournemouth,35,1,4527
7234,19,0,0,0,0,3,0,0,6,0,0,Midfielder,0,Leicester City,7,0,7234
13554,67,7,9,9,0,15,0,0,22,0,0,Forward,0,Leicester City,26,3,13554
2570,1,0,0,0,0,0,1,0,1,0,0,Goalkeeper,0,Wolverhampton Wanderers,0,0,2570
19923,0,0,0,0,0,0,0,0,0,0,0,Midfielder,0,Manchester City,0,0,19923
4284,0,0,0,0,0,0,0,0,0,0,0,Midfielder,0,Bury,0,0,4284
4760,0,0,0,0,0,0,0,0,0,0,0,Defender,0,Colchester United,0,0,4760
19618,19,1,0,3,0,1,0,0,10,0,0,Forward,0,Watford,7,2,19618
4717,65,10,11,4,0,8,0,0,20,0,0,Midfielder,0,Arsenal,32,2,4717
12212,32,3,4,3,0,5,0,0,13,0,0,Forward,0,Brighton and Hove Albion,7,2,12212
33056,0,0,0,0,0,0,0,0,0,0,0,Defender,0,Crystal Palace,0,0,33056
3222,353,9,8,0,105,17,397,0,109,6,0,Defender,1,Everton,139,23,3222
4786,28,0,0,0,6,0,47,0,13,0,0,Goalkeeper,0,Leicester City,9,0,4786
3669,41,1,3,4,0,0,0,41,20,0,0,Midfielder,1,Leicester City,12,4,3669
10480,119,11,16,0,14,8,190,0,66,0,0,Defender,2,Watford,33,16,10480
15481,28,2,2,5,0,2,0,0,4,0,1,Forward,0,Tottenham Hotspur,17,0,15481
4416,18,1,1,0,3,0,19,0,8,0,0,Defender,0,Cardiff City,4,5,4416
4248,90,5,6,0,18,3,87,0,24,1,0,Defender,3,Birmingham City,40,6,4248
14655,0,0,0,0,0,0,0,0,0,0,0,Defender,0,Fulham,0,0,14655
11071,0,0,0,0,0,0,0,0,0,0,0,Forward,0,Wolverhampton Wanderers,0,0,11071
11355,13,1,1,1,0,2,0,0,5,0,0,Midfielder,0,Internazionale,4,0,11355
14446,2,0,0,0,0,0,0,2,2,0,0,Midfielder,0,Arsenal,0,0,14446
13556,1,0,0,0,1,0,0,0,0,0,0,Goalkeeper,0,Manchester United,1,0,13556
5154,0,0,0,0,0,0,0,0,0,0,0,Midfielder,0,Fulham,0,0,5154
4732,20,0,1,0,2,0,31,0,14,0,0,Defender,0,Chesterfield,2,0,4732
4331,0,0,0,0,0,0,0,0,0,0,0,Goalkeeper,0,West Bromwich Albion,0,0,4331
23815,0,0,0,0,0,0,0,0,0,0,0,Midfielder,0,Liverpool,0,0,23815
14359,0,0,0,0,0,0,0,0,0,0,0,Defender,0,Huddersfield Town,0,0,14359
5682,0,0,0,0,0,0,0,0,0,0,0,Midfielder,0,Chelsea,0,0,5682
6425,52,2,2,14,0,8,0,0,22,0,0,Forward,0,Newcastle United,19,2,6425
14457,0,0,0,0,0,0,0,0,0,0,0,Forward,0,Arsenal,0,0,14457
4561,9,0,0,0,0,0,0,9,7,0,0,Midfielder,0,Cardiff City,1,1,4561
15374,13,1,1,1,0,0,0,13,7,0,0,Midfielder,0,Southampton,2,0,15374
19605,44,0,0,0,7,4,58,0,24,1,0,Defender,0,Watford,12,6,19605
3508,197,5,5,0,37,12,270,0,79,3,0,Defender,6,Watford,74,21,3508
19611,19,1,0,1,0,1,0,0,10,0,0,Forward,0,Huddersfield Town,6,1,19611
10191,3,0,1,0,0,0,0,3,3,0,0,Midfielder,0,Charlton Athletic,0,0,10191
14678,0,0,0,0,0,0,0,0,0,0,0,Midfielder,0,Fulham,0,0,14678
4101,2,0,0,0,1,0,1,0,0,0,0,Defender,0,Middlesbrough,2,0,4101
11267,0,0,0,0,0,0,0,0,0,0,0,Forward,0,Fulham,0,0,11267
3960,153,14,23,67,0,108,0,0,29,0,14,Forward,0,Tottenham Hotspur,89,17,3960
13492,106,6,10,2,0,3,0,0,16,0,0,Midfielder,0,Chelsea,69,15,13492
19600,29,0,0,0,13,0,26,0,4,0,0,Goalkeeper,0,Liverpool,17,1,19600
25311,15,0,0,0,4,0,24,0,8,0,0,Goalkeeper,0,Napoli,4,0,25311
5156,19,0,1,0,0,0,0,19,9,0,0,Midfielder,0,Brighton and Hove Albion,5,2,5156
20383,0,0,0,0,0,0,0,0,0,0,0,Forward,0,Shakhtar Donetsk,0,0,20383
4333,87,3,3,0,19,2,122,0,40,0,0,Defender,0,Everton,25,8,4333
20178,0,0,0,0,0,0,0,0,0,0,0,Midfielder,0,Fulham,0,0,20178
12316,0,0,0,0,0,0,0,0,0,0,0,Midfielder,0,Liverpool,0,0,12316
14723,0,0,0,0,0,0,0,0,0,0,0,Goalkeeper,0,Liverpool,0,0,14723
3644,121,4,1,0,21,0,143,0,51,1,0,Defender,0,Crystal Palace,43,12,3644
13285,29,2,3,1,0,3,0,0,11,0,0,Midfielder,0,Newcastle United,10,1,13285
4508,0,0,0,0,0,0,0,0,0,0,0,Midfielder,0,Portsmouth,0,0,4508
10449,21,1,2,0,5,0,31,0,8,0,0,Defender,0,Everton,8,2,10449
13509,0,0,0,0,0,0,0,0,0,0,0,Midfielder,0,Bristol City,0,0,13509
4656,166,8,9,7,0,15,0,0,76,0,1,Midfielder,0,Newcastle United,48,19,4656
22546,23,1,3,0,3,1,34,0,10,0,0,Defender,0,Watford,7,2,22546
3926,100,7,17,7,0,30,0,0,47,0,4,Forward,0,AFC Bournemouth,28,5,3926
15134,0,0,0,0,0,0,0,0,0,0,0,Midfielder,0,Crystal Palace,0,0,15134
4886,7,0,0,0,0,0,0,7,2,0,0,Midfielder,0,Everton,3,0,4886
15608,39,0,0,0,11,1,34,0,3,0,0,Defender,0,Liverpool,23,3,15608
14693,0,0,0,0,0,0,0,0,0,0,0,Defender,0,Leicester City,0,0,14693
8982,42,1,3,5,0,3,0,0,18,0,0,Midfielder,1,Brighton and Hove Albion,10,4,8982
5368,27,4,6,0,9,2,30,0,8,0,0,Defender,0,Arsenal,16,3,5368
3653,248,8,11,0,89,17,210,0,48,3,0,Defender,3,Manchester City,151,53,3653
12359,13,0,0,0,2,0,14,0,7,0,0,Defender,0,Huddersfield Town,3,0,12359
4030,238,2,3,0,87,19,238,0,48,2,0,Defender,5,Arsenal,137,31,4030
5861,129,7,2,8,0,12,0,0,47,0,0,Midfielder,1,West Ham United,40,18,5861
6899,32,4,5,13,0,14,0,0,9,0,2,Forward,0,Arsenal,17,1,6899
4618,168,27,24,24,0,29,0,0,48,0,0,Midfielder,0,Liverpool,74,15,4618
4842,110,20,24,11,0,10,0,0,24,0,0,Midfielder,0,Tottenham Hotspur,58,21,4842
13872,88,10,14,8,0,19,0,0,32,0,2,Midfielder,0,West Ham United,30,16,13872
11044,9,0,0,0,4,0,5,0,0,0,0,Defender,0,Manchester City,9,1,11044
9257,51,0,0,0,12,5,53,0,24,0,0,Defender,1,Newcastle United,15,6,9257
20180,0,0,0,0,0,0,0,0,0,0,0,Defender,0,Newcastle United,0,0,20180
20503,0,0,0,0,0,0,0,0,0,0,0,Defender,0,Fulham,0,0,20503
2852,0,0,0,0,0,0,0,0,0,0,0,Goalkeeper,0,Burnley,0,0,2852
16607,24,2,2,0,5,0,32,0,14,0,0,Defender,0,Newcastle United,7,3,16607
5583,25,1,1,0,0,1,0,0,9,0,0,Midfielder,0,Southampton,6,2,5583
2270,356,49,47,9,0,33,0,0,109,0,0,Midfielder,0,Burnley,156,14,2270
12299,0,0,0,0,0,0,0,0,0,0,0,Forward,0,Wolverhampton Wanderers,0,0,12299
10766,35,4,1,0,0,0,0,35,12,0,0,Midfielder,0,AFC Bournemouth,11,6,10766
5520,0,0,0,0,0,0,0,0,0,0,0,Defender,0,Arsenal,0,0,5520
4154,19,0,0,0,9,0,21,0,4,0,0,Goalkeeper,0,Burnley,14,0,4154
5066,17,0,1,0,5,0,14,0,3,0,0,Defender,0,Manchester United,10,1,5066
4337,84,8,12,14,0,13,0,0,18,0,0,Midfielder,0,Manchester United,45,9,4337
5551,49,1,2,6,0,16,0,0,22,0,0,Forward,0,Tottenham Hotspur,19,3,5551
4664,206,0,0,0,74,0,220,0,41,0,0,Goalkeeper,0,Tottenham Hotspur,120,3,4664
7124,6,1,0,0,0,1,0,0,5,0,0,Forward,0,Brighton and Hove Albion,1,0,7124
5179,46,3,5,3,0,3,0,0,14,0,0,Midfielder,0,Chelsea,16,1,5179
3837,20,2,3,0,4,1,28,0,7,1,0,Defender,0,Burnley,4,1,3837
13278,15,1,1,1,0,1,0,0,2,0,0,Forward,0,Everton,9,0,13278
12444,38,1,0,0,10,1,58,0,19,1,0,Goalkeeper,0,Huddersfield Town,9,1,12444
4813,139,3,2,0,47,6,144,0,34,0,0,Defender,0,Liverpool,68,23,4813
19608,23,0,0,0,5,0,26,0,11,0,0,Defender,0,Huddersfield Town,6,1,19608
4487,134,11,15,0,26,2,194,0,63,0,0,Defender,0,Burnley,39,26,4487
5762,6,1,0,0,0,0,0,6,2,0,0,Midfielder,0,Tottenham Hotspur,3,0,5762
4289,1,1,1,1,0,0,0,1,0,0,0,Midfielder,0,Reading,1,0,4289
4290,220,35,35,71,0,101,0,0,71,0,6,Forward,0,Manchester United,97,15,4290
10422,0,0,0,0,0,0,0,0,0,0,0,Goalkeeper,0,Luton Town,0,0,10422
8456,0,0,0,0,0,0,0,0,0,0,0,Midfielder,0,Leicester City,0,0,8456
8335,0,0,0,0,0,0,0,0,0,0,0,Forward,0,Cardiff City,0,0,8335
13228,0,0,0,0,0,0,0,0,0,0,0,Goalkeeper,0,Brighton & Hove Albion,0,0,13228
13987,0,0,0,0,0,0,0,0,0,0,0,Defender,0,VfB Stuttgart,0,0,13987
9566,70,6,6,0,13,4,116,0,34,0,0,Defender,0,Leicester City,20,13,9566
7985,0,0,0,0,0,0,0,0,0,0,0,Midfielder,0,Barnsley,0,0,7985
8983,139,27,53,18,0,39,0,0,47,0,7,Midfielder,0,Manchester City,54,7,8983
10428,17,0,1,0,0,0,0,17,4,0,0,Midfielder,0,Arsenal,9,1,10428
15418,0,0,0,0,0,0,0,0,0,0,0,Midfielder,0,Plymouth Argyle,0,0,15418
3995,22,1,0,0,2,0,23,0,12,0,0,Defender,0,Huddersfield Town,4,3,3995
6519,123,21,26,36,0,44,0,0,31,0,0,Forward,3,Liverpool,62,16,6519
5334,59,2,1,0,22,0,52,0,9,2,0,Defender,1,Valencia CF,41,11,5334
4918,51,1,3,0,8,1,70,0,29,0,0,Defender,0,Newcastle United,12,7,4918
3251,122,1,1,0,24,2,194,0,66,0,0,Defender,0,Watford,31,20,3251
5078,31,1,2,4,0,4,0,0,11,0,0,Midfielder,0,RSC Anderlecht,14,4,5078
3945,0,0,0,0,0,0,0,0,0,0,0,Midfielder,0,Norwich City,0,0,3945
11272,86,15,24,9,0,24,0,0,21,0,1,Forward,0,Manchester United,44,5,11272
4245,6,0,0,0,3,0,7,0,3,0,0,Goalkeeper,0,Arsenal,3,0,4245
49992,0,0,0,0,0,0,0,0,0,0,0,Defender,0,Watford,0,0,49992
19677,2,0,0,0,0,0,5,0,2,0,0,Defender,0,Coventry City,0,0,19677
11284,40,4,4,0,7,0,53,0,17,0,0,Defender,0,West Ham United,10,6,11284
12192,38,0,0,0,10,0,54,0,16,0,0,Goalkeeper,0,Brighton and Hove Albion,9,0,12192
4287,221,48,60,28,0,48,0,0,50,0,2,Midfielder,1,Manchester United,119,15,4287
23556,0,0,0,0,0,0,0,0,0,0,0,Midfielder,0,Brighton & Hove Albion,0,0,23556
3861,159,17,11,6,0,5,0,0,26,0,0,Midfielder,2,Manchester United,100,27,3861
5375,54,0,1,0,18,2,52,0,7,0,0,Defender,0,Liverpool,33,6,5375
23827,0,0,0,0,0,0,0,0,0,0,0,Forward,0,Manchester City,0,0,23827
32638,3,0,0,0,1,0,3,0,2,0,0,Defender,1,Arsenal,1,0,32638
5850,42,0,1,0,8,0,64,0,20,0,0,Defender,0,Newcastle United,11,5,5850
4224,205,9,12,6,0,20,0,0,93,0,0,Midfielder,0,Crystal Palace,66,32,4224
3979,222,12,7,8,0,13,0,0,87,0,0,Midfielder,1,Everton,75,38,3979
3844,26,1,0,0,0,1,0,0,18,0,0,Midfielder,0,Fulham,2,5,3844
4785,52,0,0,0,12,0,70,0,27,0,0,Goalkeeper,2,Hull City,12,0,4785
9649,20,0,1,0,2,0,11,0,8,0,0,Defender,0,Southampton,6,0,9649
14824,15,0,0,0,0,0,0,15,3,0,0,Midfielder,0,Manchester United,11,3,14824
3909,96,1,1,0,26,3,120,0,44,2,0,Defender,0,Burnley,25,20,3909
4006,0,0,0,0,0,0,0,0,0,0,0,Forward,0,Cardiff City,0,0,4006
19617,4,0,0,0,0,0,0,4,2,0,0,Midfielder,0,Leicester City,0,1,19617
19778,24,1,1,0,0,1,0,0,12,0,0,Midfielder,0,Real Sociedad,5,4,19778
13280,2,0,0,0,1,0,1,0,1,0,0,Defender,0,Vitesse,1,1,13280
4179,245,0,0,0,80,1,311,0,69,1,0,Goalkeeper,0,Liverpool,109,7,4179
5859,50,1,3,2,0,12,0,0,21,0,9,Midfielder,0,Crystal Palace,17,12,5859
2100,485,78,39,13,0,48,0,0,132,0,12,Midfielder,2,Liverpool,226,56,2100
8900,12,0,1,0,0,0,21,0,6,2,0,Defender,0,AFC Bournemouth,3,1,8900
4507,151,20,22,16,0,29,0,0,45,0,0,Midfielder,2,Everton,59,15,4507
14822,1,0,0,0,1,0,0,0,0,0,0,Defender,0,Manchester United,1,0,14822
5879,40,4,1,9,0,10,0,0,19,0,2,Forward,2,Newcastle United,10,4,5879
5102,50,10,17,3,0,7,0,0,11,0,0,Midfielder,0,Arsenal,24,3,5102
5239,38,3,2,2,0,0,0,38,8,0,0,Midfielder,1,Arsenal,22,7,5239
5178,49,11,12,27,0,34,0,0,8,0,1,Forward,0,Liverpool,28,2,5178
15293,0,0,0,0,0,0,0,0,0,0,0,Midfielder,0,Brighton and Hove Albion U21,0,0,15293
4472,162,10,13,0,58,6,150,0,33,0,0,Defender,0,Arsenal,100,16,4472
19619,36,3,5,0,0,4,0,0,18,0,1,Midfielder,0,Huddersfield Town,8,5,19619
5804,31,6,4,17,0,11,0,0,7,0,0,Forward,0,Chelsea,18,7,5804
7219,88,5,4,0,19,3,95,0,25,0,0,Defender,0,Liverpool,39,11,7219
8966,134,2,1,0,34,5,185,0,48,2,0,Defender,1,Leicester City,52,11,8966
4577,16,0,0,0,3,2,26,0,10,0,0,Defender,0,Cardiff City,2,0,4577
3983,218,18,25,22,0,20,0,0,65,0,1,Defender,0,Chelsea,102,16,3983
22570,28,1,2,2,0,7,0,0,15,0,0,Forward,0,Huddersfield Town,7,2,22570
19603,34,0,2,2,0,2,0,0,16,0,0,Forward,0,AFC Bournemouth,12,1,19603
19911,0,0,0,0,0,0,0,0,0,0,0,Goalkeeper,0,Manchester City,0,0,19911
9662,25,1,3,1,0,1,0,0,15,0,0,Midfielder,0,Newcastle United,6,0,9662
4772,87,4,8,22,0,23,0,0,33,0,6,Forward,1,Brighton and Hove Albion,30,15,4772
5208,21,0,2,1,0,2,0,0,13,0,0,Forward,0,Leicester City,3,1,5208
3869,53,3,4,0,17,5,60,0,14,0,0,Defender,0,Arsenal,30,17,3869
4645,31,0,2,3,0,1,0,0,16,0,0,Midfielder,0,Villarreal,9,10,4645
22651,0,0,0,0,0,0,0,0,0,0,0,Defender,0,Watford,0,0,22651
20708,31,0,1,1,0,1,0,0,20,0,0,Midfielder,0,Sunderland,6,5,20708
14712,0,0,0,0,0,0,0,0,0,0,0,Forward,0,Leicester City,0,0,14712
14450,3,0,0,0,0,0,0,3,1,0,0,Forward,0,Arsenal,2,0,14450
13390,44,3,5,10,0,12,0,0,21,0,0,Forward,1,Everton,14,5,13390
15938,17,0,0,0,0,0,0,17,6,0,0,Midfielder,0,Tottenham Hotspur,8,1,15938
14807,2,0,0,0,0,0,0,2,0,0,0,Forward,0,Manchester City,2,0,14807
3014,318,27,28,3,0,37,0,0,130,0,20,Midfielder,4,West Ham United,107,70,3014
8293,0,0,0,0,0,0,0,0,0,0,0,Goalkeeper,0,Wolverhampton Wanderers,0,0,8293
3924,0,0,0,0,0,0,0,0,0,0,0,Midfielder,0,Brighton and Hove Albion,0,0,3924
4765,14,0,0,1,0,1,0,0,5,0,0,Midfielder,0,Portsmouth,8,2,4765
20095,3,0,0,0,0,0,0,3,2,0,0,Midfielder,0,Burnley,1,0,20095
14671,0,0,0,0,0,0,0,0,0,0,0,Midfielder,0,Fulham,0,0,14671
15140,0,0,0,0,0,0,0,0,0,0,0,Midfielder,0,Tottenham Hotspur,0,0,15140
13871,67,2,3,0,0,3,0,0,19,0,0,Midfielder,0,West Ham United,26,12,13871
12536,0,0,0,0,0,0,0,0,0,0,0,Defender,0,Fulham,0,0,12536
22052,0,0,0,0,0,0,0,0,0,0,0,Defender,0,Wolverhampton Wanderers,0,0,22052
19927,0,0,0,0,0,0,0,0,0,0,0,Defender,0,Manchester City,0,0,19927
5514,80,0,1,0,20,1,123,0,27,0,0,Defender,0,West Ham United,29,10,5514
3889,45,1,2,3,0,7,0,0,24,0,0,Forward,0,Watford,13,8,3889
13494,93,3,5,14,0,14,0,0,27,0,0,Forward,0,Leicester City,44,4,13494
10439,3,0,0,0,0,0,0,0,0,0,0,Defender,0,Hull City,3,0,10439
20088,0,0,0,0,0,0,0,0,0,0,0,Midfielder,0,Wolverhampton Wanderers,0,0,20088
7490,13,0,0,0,0,0,0,13,2,0,0,Midfielder,0,Aston Villa,8,0,7490
23615,0,0,0,0,0,0,0,0,0,0,0,Forward,0,Galatasaray,0,0,23615
10465,51,4,2,7,0,12,0,0,11,0,0,Forward,0,Liverpool,25,0,10465
4286,120,0,6,2,0,3,0,0,39,0,0,Midfielder,0,Southampton,44,32,4286
10420,29,0,0,0,12,0,23,0,4,0,0,Goalkeeper,0,Arsenal,19,0,10420
6058,94,1,3,0,34,6,88,0,14,1,0,Defender,0,Manchester City,61,27,6058
12215,2,0,0,0,0,0,0,2,2,0,0,Forward,0,Watford,0,0,12215
14753,2,0,0,0,0,0,0,2,0,0,0,Midfielder,0,Sunderland,2,0,14753
10535,8,0,0,0,0,0,3,0,1,0,0,Defender,0,West Ham United,5,0,10535
4252,164,21,27,10,0,12,0,0,38,0,0,Midfielder,0,Liverpool,88,9,4252
4714,142,50,61,24,0,27,0,0,29,0,0,Midfielder,0,Arsenal,83,10,4714
4319,54,0,0,0,17,1,77,0,23,1,0,Goalkeeper,0,Nottingham Forest,14,6,4319
13962,0,0,0,0,0,0,0,0,0,0,0,Defender,0,Gillingham,0,0,13962
22046,0,0,0,0,0,0,0,0,0,0,0,Defender,0,Cardiff City,0,0,22046
8710,3,0,0,0,0,0,0,3,3,0,0,Midfielder,0,Manchester City,0,1,8710
9664,0,0,0,0,0,0,0,0,0,0,0,Midfielder,0,Bradford City,0,0,9664
4972,95,13,10,8,0,20,0,0,21,0,0,Forward,0,Chelsea,55,10,4972
3138,0,0,0,0,0,0,0,0,0,0,0,Defender,0,Cardiff City,0,0,3138
9895,7,0,0,0,0,1,13,0,3,0,0,Defender,0,Leeds United,3,1,9895
25513,0,0,0,0,0,0,0,0,0,0,0,Midfielder,0,Wolverhampton Wanderers,0,0,25513
11213,45,4,9,4,0,7,0,0,22,0,0,Midfielder,1,Watford,14,5,11213
7081,11,0,0,1,0,1,0,0,3,0,0,Forward,0,Arsenal,6,0,7081
4640,69,0,0,0,14,0,114,0,36,0,0,Goalkeeper,0,Everton,18,0,4640
4356,75,5,17,7,0,14,0,0,32,0,0,Midfielder,0,Cardiff City,22,5,4356
3920,60,14,11,11,0,11,0,0,7,0,0,Midfielder,1,Manchester United,37,12,3920
10079,35,0,0,0,11,0,35,0,11,0,0,Goalkeeper,0,Burnley,13,3,10079
4433,18,1,5,0,0,1,0,0,9,0,0,Midfielder,0,Huddersfield Town,4,1,4433
13822,75,1,2,0,14,3,106,0,39,0,0,Defender,1,Watford,20,20,13822
16790,35,4,1,3,0,0,0,35,15,0,0,Midfielder,1,Brighton and Hove Albion,9,2,16790
8049,67,4,3,5,0,5,0,0,28,0,0,Midfielder,0,AFC Bournemouth,24,4,8049
4084,193,18,22,15,0,24,0,0,88,0,1,Midfielder,1,Crystal Palace,58,27,4084
21677,26,4,3,1,0,0,0,26,12,0,0,Forward,0,Huddersfield Town,7,4,21677
19678,0,0,0,0,0,0,0,0,0,0,0,Midfielder,0,West Ham United,0,0,19678
16270,0,0,0,0,0,0,0,0,0,0,0,Forward,0,Wolverhampton Wanderers,0,0,16270
11241,0,0,0,0,0,0,0,0,0,0,0,Midfielder,0,Benfica,0,0,11241
10074,0,0,0,0,0,0,0,0,0,0,0,Midfielder,0,Cardiff City,0,0,10074
19673,41,1,2,1,0,2,0,0,23,0,0,Midfielder,0,Huddersfield Town,9,4,19673
11074,8,0,0,0,0,0,0,8,4,0,0,Forward,0,Sevilla,2,0,11074
13703,0,0,0,0,0,0,0,0,0,0,0,Goalkeeper,0,AFC Bournemouth,0,0,13703
3548,234,40,47,34,0,36,0,0,50,0,0,Midfielder,0,Arsenal,135,26,3548
11013,3,0,0,0,0,0,3,0,0,0,0,Defender,0,Liverpool,2,0,11013
13565,78,8,11,10,0,17,0,0,13,0,0,Forward,0,Manchester United,44,6,13565
4276,13,1,1,0,0,0,26,0,5,0,0,Defender,0,Fulham,4,1,4276
3811,137,10,24,6,0,15,0,0,68,0,0,Midfielder,1,Southampton,31,7,3811
4818,17,0,0,0,0,0,0,17,3,0,0,Midfielder,0,Norwich City,9,0,4818
13123,0,0,0,0,0,0,0,0,0,0,0,Midfielder,0,Arsenal,0,0,13123
5343,0,0,0,0,0,0,0,0,0,0,0,Defender,0,Leicester City,0,0,5343
15202,27,0,0,0,3,0,29,0,10,0,0,Midfielder,0,West Ham United,9,1,15202
24630,38,4,6,13,0,5,0,0,19,0,0,Forward,0,Watford,11,4,24630
4878,12,0,0,0,2,0,6,0,7,0,0,Defender,0,Crystal Palace,4,0,4878
3934,74,11,15,3,0,7,0,0,34,0,0,Midfielder,0,Newcastle United,22,11,3934
13511,103,21,31,22,0,36,0,0,19,0,1,Forward,0,Liverpool,55,7,13511
10458,79,9,10,0,15,2,104,0,32,0,0,Defender,0,Liverpool,25,14,10458
4696,51,1,0,0,17,0,64,0,19,0,0,Goalkeeper,0,Real Betis,20,4,4696
10727,0,0,0,0,0,0,0,0,0,0,0,Goalkeeper,0,Rotherham United,0,0,10727
5044,0,0,0,0,0,0,0,0,0,0,0,Defender,0,Olympiakos,0,0,5044
10472,68,1,1,0,21,1,51,0,9,0,0,Defender,0,Manchester United,41,20,10472
13555,7,0,0,0,6,0,2,0,1,0,0,Goalkeeper,0,Manchester United,4,0,13555
13901,0,0,0,0,0,0,0,0,0,0,0,Midfielder,0,Portsmouth,0,0,13901
3507,145,14,16,0,33,9,146,0,37,0,0,Defender,2,Tottenham Hotspur,73,37,3507
11180,0,0,0,0,0,0,0,0,0,0,0,Midfielder,0,Wolverhampton Wanderers,0,0,11180
20171,0,0,0,0,0,0,0,0,0,0,0,Defender,0,Wolverhampton Wanderers,0,0,20171
2896,118,0,0,0,24,0,190,0,54,0,0,Goalkeeper,1,Wolverhampton Wanderers,32,3,2896
16801,27,1,1,0,12,2,22,0,6,0,0,Defender,0,Chelsea,17,4,16801
3319,0,0,0,0,0,0,0,0,0,0,0,Forward,0,Fulham,0,0,3319
11341,0,0,0,0,0,0,0,0,0,0,0,Goalkeeper,0,Wolverhampton Wanderers,0,0,11341
14656,0,0,0,0,0,0,0,0,0,0,0,Midfielder,0,Fulham,0,0,14656
22591,5,1,0,0,0,0,0,5,3,0,0,Midfielder,0,Huddersfield Town,0,1,22591
20745,0,0,0,0,0,0,0,0,0,0,0,Midfielder,0,Wolverhampton Wanderers,0,0,20745
6251,5,0,0,0,0,1,0,0,2,0,0,Midfielder,0,Newcastle United,3,0,6251
4796,83,2,2,0,23,3,105,0,23,0,0,Defender,0,Crystal Palace,39,3,4796
13648,0,0,0,0,0,0,0,0,0,0,0,Midfielder,0,Peterborough United,0,0,13648
4973,134,28,46,35,0,62,0,0,27,0,3,Forward,0,Manchester United,76,16,4973
14554,0,0,0,0,0,0,0,0,0,0,0,Midfielder,0,Brighton and Hove Albion,0,0,14554
5384,58,18,20,12,0,15,0,0,5,0,0,Forward,0,Manchester City,42,8,5384
8887,0,0,0,0,0,0,0,0,0,0,0,Midfielder,0,Bradford City,0,0,8887
16234,20,0,1,0,0,0,30,0,10,0,0,Defender,0,Brighton and Hove Albion,4,3,16234
19607,37,1,3,0,9,0,53,0,18,0,0,Defender,1,Huddersfield Town,9,6,19607
8980,99,5,6,0,13,4,111,0,36,1,0,Defender,0,Crystal Palace,38,11,8980
2508,133,0,0,0,41,1,173,0,41,1,0,Goalkeeper,0,Leicester City,56,6,2508
4615,171,2,6,3,0,13,0,0,47,0,0,Midfielder,2,Everton,74,32,4615
24346,0,0,0,0,0,0,0,0,0,0,0,Goalkeeper,0,Huddersfield Town,0,0,24346
16723,0,0,0,0,0,0,0,0,0,0,0,Goalkeeper,0,RSC Anderlecht,0,0,16723
25089,0,0,0,0,0,0,0,0,0,0,0,Midfielder,0,Watford,0,0,25089
7013,0,0,0,0,0,0,0,0,0,0,0,Midfielder,0,Fulham,0,0,7013
5267,84,15,29,7,0,15,0,0,35,0,0,Forward,0,Liverpool,25,10,5267
4608,103,3,6,0,30,0,84,0,26,0,0,Defender,1,Manchester United,41,11,4608
4135,171,20,21,16,0,13,0,0,68,0,2,Midfielder,4,Newcastle United,64,28,4135
10543,8,3,2,0,0,0,0,8,2,0,0,Midfielder,0,Liverpool,3,0,10543
4421,209,36,52,18,0,46,0,0,81,0,6,Midfielder,0,Everton,84,14,4421
4145,249,75,92,45,0,48,0,0,42,0,0,Midfielder,0,Manchester City,167,29,4145
13193,1,0,0,0,0,0,2,0,1,0,0,Defender,0,AFC Bournemouth,0,0,13193
4529,11,0,0,0,0,0,0,11,8,0,0,Forward,0,Watford,1,0,4529
4549,176,20,29,14,0,12,0,0,65,0,0,Midfielder,2,Tottenham Hotspur,79,26,4549
13232,0,0,0,0,0,0,0,0,0,0,0,Midfielder,0,Brighton and Hove Albion,0,0,13232
11364,39,5,2,9,0,8,0,0,18,0,1,Forward,0,Leicester City,14,2,11364
3613,195,2,3,0,62,11,174,0,48,3,0,Defender,1,Manchester United,111,17,3613
8878,24,1,2,0,5,0,31,0,11,0,0,Defender,0,Huddersfield Town,5,7,8878
14445,0,0,0,0,0,0,0,0,0,0,0,Midfielder,0,Arsenal,0,0,14445
4558,103,13,24,12,0,19,0,0,50,0,2,Midfielder,0,Aston Villa,25,16,4558
5093,0,0,0,0,0,0,0,0,0,0,0,Defender,0,Arsenal,0,0,5093
7500,0,0,0,0,0,0,0,0,0,0,0,Defender,0,Cardiff City,0,0,7500
10443,21,1,4,5,0,1,0,0,3,0,0,Forward,0,Liverpool,12,0,10443
8171,36,1,4,1,0,1,0,0,15,0,0,Midfielder,0,Brighton and Hove Albion,9,3,8171
4999,99,13,14,16,0,30,0,0,16,0,0,Forward,0,Tottenham Hotspur,61,2,4999
10444,47,1,7,0,8,0,57,0,22,1,0,Defender,1,Crystal Palace,17,7,10444
2664,92,0,0,0,20,0,115,0,45,0,0,Goalkeeper,0,Crystal Palace,27,1,2664
3766,102,11,15,5,0,21,0,0,47,0,3,Midfielder,0,AFC Bournemouth,26,6,3766
11134,0,0,0,0,0,0,0,0,0,0,0,Defender,0,Huddersfield Town,0,0,11134
3457,0,0,0,0,0,0,0,0,0,0,0,Goalkeeper,0,Brighton and Hove Albion,0,0,3457
4779,55,0,0,0,10,1,86,0,28,1,0,Goalkeeper,0,Everton,14,2,4779
8168,36,3,2,0,0,0,0,36,14,0,0,Midfielder,0,Brighton and Hove Albion,9,6,8168
14572,0,0,0,0,0,0,0,0,0,0,0,Defender,0,Coventry City,0,0,14572
10482,1,0,0,0,0,0,0,0,0,0,0,Defender,0,Crewe Alexandra,1,0,10482
8045,108,1,3,0,22,8,183,0,47,2,0,Defender,0,AFC Bournemouth,33,15,8045
14657,0,0,0,0,0,0,0,0,0,0,0,Midfielder,0,Fulham,0,0,14657
13329,0,0,0,0,0,0,0,0,0,0,0,Midfielder,0,Colchester United,0,0,13329
4505,122,0,5,0,31,1,129,0,32,0,0,Defender,0,Manchester City,59,6,4505
3154,200,20,22,57,0,74,0,0,53,0,2,Forward,1,West Bromwich Albion,97,8,3154
2338,121,9,2,4,0,6,0,0,59,0,0,Midfielder,1,AFC Bournemouth,30,8,2338
5428,14,0,0,0,4,0,18,0,7,0,0,Defender,0,Brighton and Hove Albion,3,0,5428
15685,4,0,0,1,0,0,0,4,4,0,0,Forward,0,Crystal Palace,0,0,15685
10498,134,27,37,17,0,20,0,0,49,0,4,Forward,0,Ajax,48,12,10498
15322,0,0,0,0,0,0,0,0,0,0,0,Forward,0,Grasshoppers Zürich,0,0,15322
4815,27,1,1,0,7,0,23,0,7,0,0,Defender,0,Southampton,11,1,4815
8143,50,0,1,0,12,0,41,0,18,0,0,Defender,0,Burnley,22,6,8143
40320,0,0,0,0,0,0,0,0,0,0,0,Forward,0,Brighton and Hove Albion,0,0,40320
14658,0,0,0,0,0,0,0,0,0,0,0,Defender,0,Fulham U21,0,0,14658
8451,0,0,0,0,0,0,0,0,0,0,0,Forward,0,Leicester City,0,0,8451
14667,0,0,0,0,0,0,0,0,0,0,0,Midfielder,0,Fulham,0,0,14667
10609,0,0,0,0,0,0,0,0,0,0,0,Forward,0,Brighton and Hove Albion U21,0,0,10609
14778,0,0,0,0,0,0,0,0,0,0,0,Midfielder,0,Manchester City,0,0,14778
3517,216,5,6,0,46,10,278,0,94,0,0,Defender,2,Crystal Palace,71,35,3517
9134,6,0,1,0,0,0,0,6,4,0,0,Forward,0,Nottingham Forest,1,1,9134
13281,1,0,0,0,0,0,1,0,0,0,0,Defender,0,Hull City,0,0,13281
23033,0,0,0,0,0,0,0,0,0,0,0,Midfielder,0,Arsenal,0,0,23033
13549,0,0,0,0,0,0,0,0,0,0,0,Defender,0,Manchester City,0,0,13549
12114,14,0,2,2,0,5,0,0,6,0,0,Forward,0,Everton,4,0,12114
13235,0,0,0,0,0,0,0,0,0,0,0,Midfielder,0,Rotherham United,0,0,13235
3724,147,16,32,6,0,14,0,0,61,0,1,Midfielder,0,Crystal Palace,55,13,3724
2835,97,4,5,0,8,1,119,0,50,0,0,Defender,1,Nottingham Forest,21,8,2835
3905,80,15,22,0,20,1,81,0,26,0,0,Defender,0,Tottenham Hotspur,35,5,3905
13559,5,0,0,0,1,0,4,0,2,0,0,Defender,0,Aston Villa,2,0,13559
8174,96,5,8,17,0,19,0,0,33,0,3,Forward,0,Leicester City,36,3,8174
15011,0,0,0,0,0,0,0,0,0,0,0,Defender,0,Southampton,0,0,15011
3362,126,10,13,0,21,14,193,0,60,1,0,Defender,0,Crystal Palace,34,16,3362
5140,81,0,8,0,25,4,87,0,26,0,0,Defender,1,Liverpool,34,6,5140
10964,33,0,1,1,0,3,0,0,15,0,1,Midfielder,1,Huddersfield Town,8,3,10964
8979,142,20,30,43,0,62,0,0,52,0,10,Forward,2,Leicester City,54,15,8979
4666,187,3,6,0,63,4,191,0,39,2,0,Defender,0,Tottenham Hotspur,106,31,4666
20109,0,0,0,0,0,0,0,0,0,0,0,Defender,0,Southampton,0,0,20109
25312,12,0,2,0,0,0,0,12,5,0,0,Forward,0,Everton,3,0,25312
4007,93,4,4,6,0,14,0,0,44,0,2,Forward,0,Burnley,25,4,4007
4398,100,0,0,0,31,0,128,0,37,0,0,Goalkeeper,1,Tottenham Hotspur,32,5,4398
2839,284,46,51,65,0,68,0,0,69,0,0,Forward,0,Everton,152,8,2839
3955,230,24,23,0,72,5,228,0,40,2,0,Defender,1,Manchester City,134,37,3955
13815,3,2,2,0,1,0,4,0,0,0,0,Defender,0,Tottenham Hotspur,3,0,13815
15119,0,0,0,0,0,0,0,0,0,0,0,Defender,0,Portsmouth,0,0,15119
2047,233,19,22,38,0,43,0,0,91,0,11,Forward,1,Burnley,77,26,2047
14164,7,0,0,0,0,0,0,7,4,0,0,Defender,0,Crystal Palace,2,1,14164
4816,139,3,5,4,0,9,0,0,33,0,0,Midfielder,3,Tottenham Hotspur,75,33,4816
3999,168,5,6,0,27,6,241,0,78,0,0,Defender,1,Burnley,51,15,3999
4617,167,19,25,9,0,10,0,0,60,0,2,Midfielder,1,Southampton,59,15,4617
21702,0,0,0,0,0,0,0,0,0,0,0,Midfielder,0,Wolverhampton Wanderers,0,0,21702
3452,198,19,22,47,0,41,0,0,51,0,0,Forward,0,Arsenal,108,13,3452
8889,9,0,0,1,0,0,0,9,8,0,0,Forward,0,Burnley,0,0,8889
4489,152,12,18,2,0,5,0,0,77,0,0,Midfielder,0,Burnley,39,24,4489
15111,0,0,0,0,0,0,0,0,0,0,0,Goalkeeper,0,Tottenham Hotspur U21,0,0,15111
8048,0,0,0,0,0,0,0,0,0,0,0,Midfielder,0,AFC Bournemouth,0,0,8048
4396,108,5,4,11,0,18,0,0,54,0,1,Forward,0,Crystal Palace,26,11,4396
7114,107,16,13,9,0,18,0,0,28,0,1,Midfielder,0,Liverpool,50,4,7114
20479,50,4,1,1,0,2,0,0,19,0,0,Midfielder,2,Leicester City,18,6,20479
4767,12,0,1,0,0,0,0,12,7,0,0,Midfielder,0,Crystal Palace,3,0,4767
4748,166,20,28,9,0,25,0,0,30,0,1,Forward,1,Chelsea,98,15,4748
20929,0,0,0,0,0,0,0,0,0,0,0,Defender,0,Watford,0,0,20929
3547,166,17,31,12,0,8,0,0,45,0,0,Midfielder,2,West Ham United,81,34,3547
8454,61,2,4,10,0,19,0,0,26,0,4,Forward,0,AFC Bournemouth,18,0,8454
7488,37,2,2,0,0,1,0,0,6,0,0,Midfielder,0,Tottenham Hotspur,24,1,7488
3756,34,1,0,5,0,11,0,0,11,0,0,Forward,0,Burnley,12,1,3756
14758,6,0,0,0,0,0,0,6,1,0,0,Forward,0,Liverpool,5,0,14758
4125,6,0,0,0,0,1,0,0,3,0,0,Forward,0,Bristol City,2,0,4125
12136,70,9,6,0,0,3,0,0,20,0,0,Midfielder,2,Arsenal,39,15,12136
6389,0,0,0,0,0,0,0,0,0,0,0,Forward,0,West Ham United,0,0,6389
10522,58,3,5,0,13,0,63,0,25,1,0,Defender,0,Newcastle United,16,7,10522
4605,129,1,1,0,33,6,160,0,50,0,0,Defender,1,Southampton,41,9,4605
3062,327,67,46,0,71,46,338,0,80,0,0,Defender,1,Manchester United,155,57,3062
3654,267,20,27,0,82,9,271,0,66,2,0,Defender,4,West Ham United,144,62,3654
4539,143,16,26,22,0,22,0,0,62,0,0,Forward,0,Crystal Palace,45,20,4539
7103,38,2,1,0,10,0,58,0,19,0,0,Defender,0,Huddersfield Town,9,6,7103
25313,22,1,2,0,3,1,15,0,4,0,0,Defender,0,Chelsea,14,0,25313
3338,43,2,1,2,0,9,0,0,15,0,0,Forward,0,Boca Juniors,13,4,3338
10123,12,1,2,0,2,0,17,0,6,0,0,Defender,1,Watford,4,4,10123
19620,8,0,0,0,0,0,0,8,0,0,0,Midfielder,0,Manchester City,8,1,19620
6627,0,0,0,0,0,0,0,0,0,0,0,Forward,0,Cardiff City,0,0,6627
24638,0,0,0,0,0,0,0,0,0,0,0,Forward,0,Manchester City,0,0,24638
5175,81,2,2,0,18,2,86,0,24,0,0,Defender,0,Chelsea,32,1,5175
6827,0,0,0,0,0,0,0,0,0,0,0,Forward,0,Charlton Athletic,0,0,6827
